relative_path,category,size_bytes,sha256
00_START_HERE/CASE_LINKAGE_MATRIX.csv,00_START_HERE,20886,26c8281361e90a6fd6e5422420a534a0d34e4b9bba07780b58a028627ed8c0d3
00_START_HERE/PACKAGE_MAP.md,00_START_HERE,1239,1f13a3d1c106bb40cf1e68edce0108441e8b54daeaf8a55fc3d12554edb317f2
00_START_HERE/PACKAGE_STRUCTURE.txt,00_START_HERE,662,cae2d6c431bf5ce41bdba7d658bd0010604350b15a6940515c89e83078174c2a
00_START_HERE/QUICK_START_DEV.md,00_START_HERE,1638,838bd0580c2a80e9fff1991c3b2636375234bfa927e085d832c6dc4f436cf1bd
00_START_HERE/README_FIRST.md,00_START_HERE,2845,ea4e34dc379f895348a1a466e05c5c86f779388cada2288862c812cdd73e8e19
00_START_HERE/SERVICE_LINKAGE_MATRIX.csv,00_START_HERE,11885,95b37e630a1c42003fe0b55e93b5154529969efd736ae8afd01ed04d8fb1911a
00_START_HERE/TRACEABILITY_MAP.md,00_START_HERE,1557,e00bc76c69b9662109e93b81dcb801b445969eb039a779c2af408442652154d9
00_START_HERE/VERSION_AUTHORITY.md,00_START_HERE,646,954bc8a50da298635153583b9150ab7418af1c62036bf36cbce812759a00f500
01_SOURCE_BASIS/01_DealPME_v0_Approved_Build_Specification.pdf,01_SOURCE_BASIS,287890,a2318bcc6afd54681ab8556e509a9aa3f7dd8921320ee174c2a60c33f001938d
01_SOURCE_BASIS/02_DealPME_Services_Blueprint_v5.md,01_SOURCE_BASIS,5561,e21bf953bf120827bc35cf3fe6e1bb6d0f10bbdf3736837d5382f8f9d392dc06
01_SOURCE_BASIS/03_DealPME_CCI_Togo_Convention_20Aug2026.docx,01_SOURCE_BASIS,61471,d3cfa4fa54601ca61e5dae19f949606644e8ca2a60e6168deb2902f37b8329ad
01_SOURCE_BASIS/04_DEALPME_Brand_Templates.pdf,01_SOURCE_BASIS,402155,843051cf82b8890f0e1cb22813b8c9c93a7e800660049c1bec1307a785c06a40
01_SOURCE_BASIS/05_Original_VDR_Redesign_Reference.zip,01_SOURCE_BASIS,935602,e369fe355dbd88bc5827c33c4bddf393fcc1059225df5963dbf1219685efe1ce
01_SOURCE_BASIS/06_Original_VDR_Redesign_Extracted/DESIGN.md,01_SOURCE_BASIS,11561,aaea2e0a00c147a34b9da6e944dd223126378b01865ab4c8a6c4383438063f7f
01_SOURCE_BASIS/06_Original_VDR_Redesign_Extracted/code.html,01_SOURCE_BASIS,44637,42c82a2652267e27f8dd1e190d037275d4c4b1f79d53471154c7f6562b165737
01_SOURCE_BASIS/06_Original_VDR_Redesign_Extracted/screen.png,01_SOURCE_BASIS,994430,e0effffc1249dbe31f8acf6c84589e96005ae4b862e728f27923c3f2a6689d74
02_INSTALLABLE_SKILLS/README.md,02_INSTALLABLE_SKILLS,743,13542a8679c2956a9bebe9434316e0655935c01a1a0a81e3901ca6fc37699c10
02_INSTALLABLE_SKILLS/dealpme-deal-fixture-architect/skill.zip,02_INSTALLABLE_SKILLS,15798,2735703e78489fdbfbd59418fb0ed11e48dedc612092f616853527373d839907
02_INSTALLABLE_SKILLS/dealpme-disclosure-announcement/skill.zip,02_INSTALLABLE_SKILLS,1679706,0e348fe01ad3132a6e6741a49361b99415a7835775b358e0136830d35c604507
02_INSTALLABLE_SKILLS/dealpme-fixture-quality-assurance/skill.zip,02_INSTALLABLE_SKILLS,12774,779e617a731e0a85bfb4838c929f5075a6fb33adfceceff50020a7f6ab60e6c7
02_INSTALLABLE_SKILLS/dealpme-interactive-reference-builder/skill.zip,02_INSTALLABLE_SKILLS,1665638,6d20b3a72d2ae5c2ceed5a4685f9f3e89a3678a1600f7363baaa44091868be20
02_INSTALLABLE_SKILLS/dealpme-service-scenario-generator/skill.zip,02_INSTALLABLE_SKILLS,12880,1fa2f51772364c3b03e45ee92625b301ec654a81a69a1a122b0dddcc824eecee
02_INSTALLABLE_SKILLS/dealpme-vdr-intelligence-architect/skill.zip,02_INSTALLABLE_SKILLS,1444937,8dd8209b97b8b1c68d14795a20d4647f6f80d5c8efdcfbd74275fbd921b24837
03_DEVELOPER_GUIDES/01_VDR_IMPLEMENTATION_GUIDE.md,03_DEVELOPER_GUIDES,13688,707f5935f0572e5b01d033f504c8a33ad574f44d23ca8cf53eaf1d236abc2b4d
03_DEVELOPER_GUIDES/02_DEVELOPER_IMPLEMENTATION_STANDARD.md,03_DEVELOPER_GUIDES,4300,b1aab54ebd3f13e9945a203cdf3d8d06c67147b8c9cee895be8a28f759855e45
03_DEVELOPER_GUIDES/03_ACCESS_STATE_MATRIX.md,03_DEVELOPER_GUIDES,741,75a4870cfa908008c728a3afdb8013b4f641e09e7cb04082e2d1004da0ec5499
03_DEVELOPER_GUIDES/04_RELEASE_GATE.md,03_DEVELOPER_GUIDES,2034,88e682327c7a9308c58695aa8dce9e34b314439f33c41ef88aeb6428bb220cda
03_DEVELOPER_GUIDES/05_UI_INTERACTION_REGISTRY.md,03_DEVELOPER_GUIDES,4796,106893baddcc79d1aea7ea59b5574fb13b8ae78059f2610a0ef5a7c08faa5a5e
03_DEVELOPER_GUIDES/06_GLOBAL_INTERACTION_REGISTRY_V3_1.csv,03_DEVELOPER_GUIDES,152194,71443c22ca1dd723de87314bc9c0c88fdb0de3b0a69e5d254161a880c45e4f8b
03_DEVELOPER_GUIDES/06_GLOBAL_INTERACTION_REGISTRY_V3_1.md,03_DEVELOPER_GUIDES,118797,5be2774e6ae1c8716443519389bb7cf687ae460ec88cea465bfc60bb926da6f4
03_DEVELOPER_GUIDES/07_VDR_INTERACTION_REGISTRY.csv,03_DEVELOPER_GUIDES,45881,354edab6b2c13da8d2ddf4098cd673427eaff390dd2ed352eeb810fb4b061e41
03_DEVELOPER_GUIDES/07_VDR_INTERACTION_REGISTRY.md,03_DEVELOPER_GUIDES,48770,91a32e1b2e667f6652b499f033796b11ca7812769a1454ef5eaf600a5fd4a1b9
03_DEVELOPER_GUIDES/08_VDR_DESIGN_SYSTEM.md,03_DEVELOPER_GUIDES,581,fa8d62aaeb9cc90077c5e6fd0fe46cbf63003f73cdb61aac77ca047e67730213
03_DEVELOPER_GUIDES/README.md,03_DEVELOPER_GUIDES,214,f36cc6095d7d2e69f78d78fbb4a0b7d84b7bad6d3c638c8e4874d80e4881bb90
04_EXECUTABLE_REFERENCE/DealPME_V3_Release/PACKAGE_MANIFEST.json,04_EXECUTABLE_REFERENCE,187395,5140a5673e395f548fa9afc864cceee869116db504f5f81b68bd2760244be4c7
04_EXECUTABLE_REFERENCE/DealPME_V3_Release/PACKAGE_MANIFEST_V3_1.json,04_EXECUTABLE_REFERENCE,238090,b0cf2e756627633bd2af6a12653e94e5536ab78c86655a22e8771a4f7ec42ade
04_EXECUTABLE_REFERENCE/DealPME_V3_Release/README.md,04_EXECUTABLE_REFERENCE,2904,0f0f77b485c6d82dc6a55136c87ab64ed62972a0369f9c0bb4c7a819886d6b33
04_EXECUTABLE_REFERENCE/DealPME_V3_Release/README_VDR_UPGRADE.md,04_EXECUTABLE_REFERENCE,981,2bd83eeb05f821f74b6ecf79dcbbe4edf1dd4236e51f673c5392d2660c77fdd7
04_EXECUTABLE_REFERENCE/DealPME_V3_Release/REFERENCE_PORTAL.html,04_EXECUTABLE_REFERENCE,12661,6804a35d7d6c973334cc5af855209b3035c6cd291323068630d2109da9255029
04_EXECUTABLE_REFERENCE/DealPME_V3_Release/RELEASE_NOTES_V3.md,04_EXECUTABLE_REFERENCE,2602,de344232fb3c5b6a1cfef3ed9b69af5ade9d916f581a723bbc1bc9653bb30029
04_EXECUTABLE_REFERENCE/DealPME_V3_Release/V3_VALIDATION_REPORT.md,04_EXECUTABLE_REFERENCE,3444,f54e3a44b6746ea97ff5c29751adbae0b96fc87e61e663786f37848e49a3b03f
04_EXECUTABLE_REFERENCE/DealPME_V3_Release/VDR_INTELLIGENCE_RELEASE_NOTES.md,04_EXECUTABLE_REFERENCE,1323,f11376d20278ff3e9d7503234f7202e2f833757c371271f89d5cadb4c382789e
04_EXECUTABLE_REFERENCE/DealPME_V3_Release/VDR_INTELLIGENCE_VALIDATION_REPORT.md,04_EXECUTABLE_REFERENCE,2028,e54c1812084e1b157100270997a22ace28337e538641b7ce9596f9119718c070
04_EXECUTABLE_REFERENCE/DealPME_V3_Release/gold-reference/PT-001_REFERENCE_DOSSIER.md,04_EXECUTABLE_REFERENCE,3057,c289fa6ec5f4574d7d067487f9f6b0395a43219ffd112d3c68b741f61d15448a
04_EXECUTABLE_REFERENCE/DealPME_V3_Release/gold-reference/README.md,04_EXECUTABLE_REFERENCE,960,a2e50369009d521a15e4c5fe2b329ef87bfbe5fdd4240a8604b305903b07a598
04_EXECUTABLE_REFERENCE/DealPME_V3_Release/gold-reference/app.js,04_EXECUTABLE_REFERENCE,36039,3c1da8f5dc7ecb0a288591eb778b78177398e5614f9709e6a2844ebdb5ebf225
04_EXECUTABLE_REFERENCE/DealPME_V3_Release/gold-reference/assets/accepted-concept.png,04_EXECUTABLE_REFERENCE,1671311,463d7d3537fba3c2850498028e061feb6f83dedef6f4d384b8d411365f870a29
04_EXECUTABLE_REFERENCE/DealPME_V3_Release/gold-reference/assets/dealpme-logo.jpg,04_EXECUTABLE_REFERENCE,16596,14e96ab26c9d691bb9a34716f8006869e12f6e99e6778a98967280fcb83dacc8
04_EXECUTABLE_REFERENCE/DealPME_V3_Release/gold-reference/data/documents/DOC-AST-001.md,04_EXECUTABLE_REFERENCE,1264,23b5946ac7ae988190727dc285e9937cc2671c3a982bc5eaf2b2f654b0f8c458
04_EXECUTABLE_REFERENCE/DealPME_V3_Release/gold-reference/data/documents/DOC-AST-002.md,04_EXECUTABLE_REFERENCE,1272,480140788ef4bf9dcf878baf9e49a7b117f9aafb4f72d201a1d945b8771a4817
04_EXECUTABLE_REFERENCE/DealPME_V3_Release/gold-reference/data/documents/DOC-AST-003.md,04_EXECUTABLE_REFERENCE,1236,1757af08cebe581c7ff3616ced38b99bb77a0ae9c71e15016bcdcc7bdf40a6c0
04_EXECUTABLE_REFERENCE/DealPME_V3_Release/gold-reference/data/documents/DOC-COM-001.md,04_EXECUTABLE_REFERENCE,1288,39e1148a25a4790d9b9ddf0e8e132e5c81aac896af6a973b77a1a475def883dc
04_EXECUTABLE_REFERENCE/DealPME_V3_Release/gold-reference/data/documents/DOC-COM-002.md,04_EXECUTABLE_REFERENCE,1255,5d5e6a2ceffc2d6eda399c69cf22ad59300ec90319df132fb5a642bcef1ed62d
04_EXECUTABLE_REFERENCE/DealPME_V3_Release/gold-reference/data/documents/DOC-COR-001.md,04_EXECUTABLE_REFERENCE,1298,534bc825cb59715ec079d11750fc53476422b16b55e36049d495c001752bdb74
04_EXECUTABLE_REFERENCE/DealPME_V3_Release/gold-reference/data/documents/DOC-COR-002.md,04_EXECUTABLE_REFERENCE,1301,c6f9f36bff6376219d8023bacd15ace90a59082016b637a46f2314ab5418e142
04_EXECUTABLE_REFERENCE/DealPME_V3_Release/gold-reference/data/documents/DOC-COR-003.md,04_EXECUTABLE_REFERENCE,1303,8b8578e1ed4f8d5e1db8eeab3bc8c43cc7d30b6e4d21fd470fc2247333e19b18
04_EXECUTABLE_REFERENCE/DealPME_V3_Release/gold-reference/data/documents/DOC-EQT-001.md,04_EXECUTABLE_REFERENCE,1200,f8867907b4964451baf3e217f7b78e77d30f87a68c820248ed32a70c9ac4f5ab
04_EXECUTABLE_REFERENCE/DealPME_V3_Release/gold-reference/data/documents/DOC-EQT-002.md,04_EXECUTABLE_REFERENCE,1234,74846c2a8eb9d398ecdc2c6393d7389575e6c70a5813722970acb8c4be6baaca
04_EXECUTABLE_REFERENCE/DealPME_V3_Release/gold-reference/data/documents/DOC-FIN-001.md,04_EXECUTABLE_REFERENCE,1246,2ad60a33c6ae644573c5f7d1362ac1eea7885b5b0342956e5493e75247695775
04_EXECUTABLE_REFERENCE/DealPME_V3_Release/gold-reference/data/documents/DOC-FIN-002.md,04_EXECUTABLE_REFERENCE,1246,8c63582428cf0581a0e6a79ccbcea182d094188b5d7705064400ac3f3f461d68
04_EXECUTABLE_REFERENCE/DealPME_V3_Release/gold-reference/data/documents/DOC-FIN-003.md,04_EXECUTABLE_REFERENCE,1261,d03735bc88f649ed3dd54a7e34308a7cfe26cec55cb0a8ff6b1d9c82d425db01
04_EXECUTABLE_REFERENCE/DealPME_V3_Release/gold-reference/data/documents/DOC-FIN-004.md,04_EXECUTABLE_REFERENCE,1232,0583e42a87e7acadf5efad8abd0c6576067645d01b4928b8b7714e42ec130dd2
04_EXECUTABLE_REFERENCE/DealPME_V3_Release/gold-reference/data/documents/DOC-FIN-005.md,04_EXECUTABLE_REFERENCE,1288,ce2c467fcb5f5a926f8e48d1db7dcfc4084c0ac806440a415e41fbbd75d06ae3
04_EXECUTABLE_REFERENCE/DealPME_V3_Release/gold-reference/data/documents/DOC-FIN-006.md,04_EXECUTABLE_REFERENCE,1214,2b2b0aec55c9ed6edc1ebc40b52443808e0486632efbc132ed5849a036d6dd0b
04_EXECUTABLE_REFERENCE/DealPME_V3_Release/gold-reference/data/documents/DOC-HR-001.md,04_EXECUTABLE_REFERENCE,1288,a9c036fd54b04a120bd84c6adfcaa8b8f01c33d6df9e4603175a16c3013f6b4b
04_EXECUTABLE_REFERENCE/DealPME_V3_Release/gold-reference/data/documents/DOC-HR-002.md,04_EXECUTABLE_REFERENCE,1248,b5c5e551fd781a490da75136e1f5964108565c51e2b5c09db6051a565f0918a7
04_EXECUTABLE_REFERENCE/DealPME_V3_Release/gold-reference/data/documents/DOC-OPS-003.md,04_EXECUTABLE_REFERENCE,1280,e1ba789dc84dce2df2a5f9513f585c291764a0e91ffaeeb7e3c1df76104aa250
04_EXECUTABLE_REFERENCE/DealPME_V3_Release/gold-reference/data/documents/DOC-REG-001.md,04_EXECUTABLE_REFERENCE,1265,936712ab0da73817c70b06f3167fadd2685c698b066cb7f270b2f864ab0e0b5e
04_EXECUTABLE_REFERENCE/DealPME_V3_Release/gold-reference/data/documents/DOC-REG-002.md,04_EXECUTABLE_REFERENCE,1273,339eea17dacd371f887ecd15c4038f5b6d09041697cf221815dcb1bdcdb9c273
04_EXECUTABLE_REFERENCE/DealPME_V3_Release/gold-reference/data/documents/DOC-SUP-001.md,04_EXECUTABLE_REFERENCE,1251,1562d8000fef90d1a109e4293026ddcb979f9c445ff9cd5913171deb390434b5
04_EXECUTABLE_REFERENCE/DealPME_V3_Release/gold-reference/data/documents/DOC-SUP-002.md,04_EXECUTABLE_REFERENCE,1226,8b6c3d4832f56f7545bab692b48e38cf7793032daa49b0429a68c50ec72bf07e
04_EXECUTABLE_REFERENCE/DealPME_V3_Release/gold-reference/data/documents/DOC-TAX-001.md,04_EXECUTABLE_REFERENCE,1193,ff22a4f0fcc25875ebaa697356cef23cd96d76c333d8ebbe5f74f7abf867c0aa
04_EXECUTABLE_REFERENCE/DealPME_V3_Release/gold-reference/data/documents/DOC-TAX-002.md,04_EXECUTABLE_REFERENCE,1246,1369846b9661cf973f3bf08bde618b8ec6e8aaf22d2def619e03288ea63e2e3e
04_EXECUTABLE_REFERENCE/DealPME_V3_Release/gold-reference/data/documents/DOC-TRX-001.md,04_EXECUTABLE_REFERENCE,1259,c2278848ffef473de23ddd36815151c2a04b515a79df8d05df020749842a1679
04_EXECUTABLE_REFERENCE/DealPME_V3_Release/gold-reference/data/documents/DOC-TRX-002.md,04_EXECUTABLE_REFERENCE,1260,6c5b64ebccf0b0c143c9622590445a91744926a351ec2f210efe28a8a89dda8f
04_EXECUTABLE_REFERENCE/DealPME_V3_Release/gold-reference/data/documents/DOC-TRX-003.md,04_EXECUTABLE_REFERENCE,1319,5a6944c7f3ad14d70ff5389f4dc9b60a3d2414d0288ea96b0b71ad1c13e38b8f
04_EXECUTABLE_REFERENCE/DealPME_V3_Release/gold-reference/data/documents.json,04_EXECUTABLE_REFERENCE,17975,fc46d20290ddd38aabec9fea78ece0cd7c92b68939f5008207100edeb5afa528
04_EXECUTABLE_REFERENCE/DealPME_V3_Release/gold-reference/data/embed.js,04_EXECUTABLE_REFERENCE,124650,bd084ab9986572beb28ccf8b9967587540a98ff8b3a05e34965d1f6c05c879ec
04_EXECUTABLE_REFERENCE/DealPME_V3_Release/gold-reference/data/interaction-contract.json,04_EXECUTABLE_REFERENCE,11729,689f6947d9b5c9b43312fc6cedefae7f1f025ce58d9dce0aa17ba247b822fbff
04_EXECUTABLE_REFERENCE/DealPME_V3_Release/gold-reference/data/pt001.fixture.v3.json,04_EXECUTABLE_REFERENCE,67365,32dee60d3f1718aa967e33fe55b539d0b012c3dd0d365b89d81d9927f843ab17
04_EXECUTABLE_REFERENCE/DealPME_V3_Release/gold-reference/data/q-and-a.json,04_EXECUTABLE_REFERENCE,8338,352af96cccea1c13bf693447698338888a84363caa3840b50b3a12d539463480
04_EXECUTABLE_REFERENCE/DealPME_V3_Release/gold-reference/data/risks.json,04_EXECUTABLE_REFERENCE,6475,f0bc97c5e666607df95605514989393ba1cca96b9e865c8b76f7766d46169459
04_EXECUTABLE_REFERENCE/DealPME_V3_Release/gold-reference/index.html,04_EXECUTABLE_REFERENCE,441,7f618326be06ed0a154dc0178bc0c3d1d92a412cff3ad3cd24a803eabd928325
04_EXECUTABLE_REFERENCE/DealPME_V3_Release/gold-reference/qa/content-validation.json,04_EXECUTABLE_REFERENCE,99,a95ef38d437b67c29439849f54ad3df4163701d34d901ba99cd70f7339a080cc
04_EXECUTABLE_REFERENCE/DealPME_V3_Release/gold-reference/qa/content-validation.log,04_EXECUTABLE_REFERENCE,99,a95ef38d437b67c29439849f54ad3df4163701d34d901ba99cd70f7339a080cc
04_EXECUTABLE_REFERENCE/DealPME_V3_Release/gold-reference/qa/control-coverage.json,04_EXECUTABLE_REFERENCE,18457,0d7b14d72c340ed1ce011391459d52d8c04ec1e7539acbb9a3cb2cf0acd9bfeb
04_EXECUTABLE_REFERENCE/DealPME_V3_Release/gold-reference/qa/dead-control-audit.json,04_EXECUTABLE_REFERENCE,73,8d587769316a868add0b514ff8d75b28a5cf2d9b117e53749e019d5b7a0257ec
04_EXECUTABLE_REFERENCE/DealPME_V3_Release/gold-reference/qa/dead-control-audit.log,04_EXECUTABLE_REFERENCE,3121,56a2c0c74afb83faaec5e4fa66f34093362b76373c7fd7640b9435f1d0512513
04_EXECUTABLE_REFERENCE/DealPME_V3_Release/gold-reference/qa/disclosure-validation.json,04_EXECUTABLE_REFERENCE,99,a95ef38d437b67c29439849f54ad3df4163701d34d901ba99cd70f7339a080cc
04_EXECUTABLE_REFERENCE/DealPME_V3_Release/gold-reference/qa/disclosure-validation.log,04_EXECUTABLE_REFERENCE,99,a95ef38d437b67c29439849f54ad3df4163701d34d901ba99cd70f7339a080cc
04_EXECUTABLE_REFERENCE/DealPME_V3_Release/gold-reference/qa/e2e-results.json,04_EXECUTABLE_REFERENCE,5937,eb9c22e3252fca62763b9e75e89e6df807994050fb7a5a994c236895598ccb77
04_EXECUTABLE_REFERENCE/DealPME_V3_Release/gold-reference/qa/e2e-run.log,04_EXECUTABLE_REFERENCE,5938,4838ea2b8855f699c61c925b17781fd29455fd9d085c956d4d4abc1f8db35af2
04_EXECUTABLE_REFERENCE/DealPME_V3_Release/gold-reference/qa/financial-validation.json,04_EXECUTABLE_REFERENCE,99,a95ef38d437b67c29439849f54ad3df4163701d34d901ba99cd70f7339a080cc
04_EXECUTABLE_REFERENCE/DealPME_V3_Release/gold-reference/qa/financial-validation.log,04_EXECUTABLE_REFERENCE,99,a95ef38d437b67c29439849f54ad3df4163701d34d901ba99cd70f7339a080cc
04_EXECUTABLE_REFERENCE/DealPME_V3_Release/gold-reference/qa/interaction-validation.json,04_EXECUTABLE_REFERENCE,128,35b92dc28e741bc70338c34a0843c73481ad9c23545d977d96d0bb5a292f2206
04_EXECUTABLE_REFERENCE/DealPME_V3_Release/gold-reference/qa/interaction-validation.log,04_EXECUTABLE_REFERENCE,128,34d85de2a926279323e1d71285efce435aee1cf8e65a0e6df8c8ca3201570ba3
04_EXECUTABLE_REFERENCE/DealPME_V3_Release/gold-reference/qa/mutations/admin_access.json,04_EXECUTABLE_REFERENCE,67600,3ea2d4e6c965d77f20a10080342796725ce0ed2922daf1751d83100a37323cb1
04_EXECUTABLE_REFERENCE/DealPME_V3_Release/gold-reference/qa/mutations/admin_access.validation.json,04_EXECUTABLE_REFERENCE,571,07120f2350fd7f5c8011aafa76f3f25cc5f454bbeb04d619a3e757e9c8c3416f
04_EXECUTABLE_REFERENCE/DealPME_V3_Release/gold-reference/qa/mutations/auto_cert.json,04_EXECUTABLE_REFERENCE,67602,bf37416834b725fea8195013a2a84dbd41bfa4872a0e3b56900be9b6c2965806
04_EXECUTABLE_REFERENCE/DealPME_V3_Release/gold-reference/qa/mutations/auto_cert.validation.json,04_EXECUTABLE_REFERENCE,548,71f485caa2413bec9c140ae4dda729963f521bce34453c95890052ac1d53f7df
04_EXECUTABLE_REFERENCE/DealPME_V3_Release/gold-reference/qa/mutations/balance.json,04_EXECUTABLE_REFERENCE,67601,a47810a91dff6db9f4a6e99ff64f1d7828b2200030f333f15ff3a14847e80262
04_EXECUTABLE_REFERENCE/DealPME_V3_Release/gold-reference/qa/mutations/balance.validation.json,04_EXECUTABLE_REFERENCE,559,0c7f618e03d3694442229c5a112bba33f3a4d47c41b10b852660a39708bf2595
04_EXECUTABLE_REFERENCE/DealPME_V3_Release/gold-reference/qa/mutations/broken_qa_ref.json,04_EXECUTABLE_REFERENCE,67601,a9a85e6339417acd6a313d70acedb372eec8a957834e989460fbc11cd4d77a35
04_EXECUTABLE_REFERENCE/DealPME_V3_Release/gold-reference/qa/mutations/broken_qa_ref.validation.json,04_EXECUTABLE_REFERENCE,696,a691ddd4863eb206c3d8370b5d2ca06fb21b163ca9995849e8b26f058208c487
04_EXECUTABLE_REFERENCE/DealPME_V3_Release/gold-reference/qa/mutations/generation.log,04_EXECUTABLE_REFERENCE,1132,fe3b22e42d15e29057c5afdd8abdc53111970421bcf7e3158917a584b2ab32c2
04_EXECUTABLE_REFERENCE/DealPME_V3_Release/gold-reference/qa/mutations/live_fixture.json,04_EXECUTABLE_REFERENCE,67602,3049c00bcbd9a5d73c9d1840adccc21a2d0a438fcdfa945aa5915590e8db7df3
04_EXECUTABLE_REFERENCE/DealPME_V3_Release/gold-reference/qa/mutations/live_fixture.validation.json,04_EXECUTABLE_REFERENCE,564,7c54ff61addeedc9be699133b544ca35d803baedf1c2c323cfd74d8951806240
04_EXECUTABLE_REFERENCE/DealPME_V3_Release/gold-reference/qa/mutations/mutation-manifest.json,04_EXECUTABLE_REFERENCE,1131,4d5e24e76e2e5e8b758a0db709056c005be2641283fa3cd855e208885d93b297
04_EXECUTABLE_REFERENCE/DealPME_V3_Release/gold-reference/qa/mutations/mutation-regression-report.json,04_EXECUTABLE_REFERENCE,2490,4dbf50508012e53281b711dad1a4fd675704a90cff89de63afaefb9bd3489422
04_EXECUTABLE_REFERENCE/DealPME_V3_Release/gold-reference/qa/mutations/t1_leak.json,04_EXECUTABLE_REFERENCE,67648,13f6e868e3ce5266566ae12cf98d20634a395c618a2ab83e1e79ad6f1fd97301
04_EXECUTABLE_REFERENCE/DealPME_V3_Release/gold-reference/qa/mutations/t1_leak.validation.json,04_EXECUTABLE_REFERENCE,553,fecde1cc25be41f4dffdae75e9d1a64e166553d55dff6bdbf81d472bbf387356
04_EXECUTABLE_REFERENCE/DealPME_V3_Release/gold-reference/qa/mutations/unregister_control.json,04_EXECUTABLE_REFERENCE,67326,57cfda13c9e958ccc48426a1ffae4074022d600347b4c0b37742f7f20293028b
04_EXECUTABLE_REFERENCE/DealPME_V3_Release/gold-reference/qa/mutations/unregister_control.validation.json,04_EXECUTABLE_REFERENCE,567,b62b86a63cc4c0bb4987c1ddcec8e68cb487146c4959bd4c0dd92ab4f52488f1
04_EXECUTABLE_REFERENCE/DealPME_V3_Release/gold-reference/qa/mutations/valuation_claim.json,04_EXECUTABLE_REFERENCE,67586,0fb687bbe2675a6cda28a970d634a1f867e4d834f098260b122e9f2d9a59c08b
04_EXECUTABLE_REFERENCE/DealPME_V3_Release/gold-reference/qa/mutations/valuation_claim.validation.json,04_EXECUTABLE_REFERENCE,560,637e503dd2c0b09a1bb5372558e30e5893ddf65bc65bd085487d09b0796bff0e
04_EXECUTABLE_REFERENCE/DealPME_V3_Release/gold-reference/qa/mutations/vdr_gate.json,04_EXECUTABLE_REFERENCE,67602,2acfc0b2eea7ba04b368af1112e831020d928e7b52c430eb16712a838ed91593
04_EXECUTABLE_REFERENCE/DealPME_V3_Release/gold-reference/qa/mutations/vdr_gate.validation.json,04_EXECUTABLE_REFERENCE,520,c90303b33e61b7b4ecaee384b04d111f6e825a4e67a5a8da065af53a77033b98
04_EXECUTABLE_REFERENCE/DealPME_V3_Release/gold-reference/qa/mutations_v3/admin_access-interaction.json,04_EXECUTABLE_REFERENCE,128,35b92dc28e741bc70338c34a0843c73481ad9c23545d977d96d0bb5a292f2206
04_EXECUTABLE_REFERENCE/DealPME_V3_Release/gold-reference/qa/mutations_v3/admin_access-validation.json,04_EXECUTABLE_REFERENCE,361,26963ce8ac1413e475ff3314d092c99586591ab278327860d1000e3d2bf2216a
04_EXECUTABLE_REFERENCE/DealPME_V3_Release/gold-reference/qa/mutations_v3/admin_access.json,04_EXECUTABLE_REFERENCE,67363,598de9670e6271e5e2bdc4bd84757fffab32c89a8999d8d7e8364510c30b5070
04_EXECUTABLE_REFERENCE/DealPME_V3_Release/gold-reference/qa/mutations_v3/auto_cert-interaction.json,04_EXECUTABLE_REFERENCE,128,35b92dc28e741bc70338c34a0843c73481ad9c23545d977d96d0bb5a292f2206
04_EXECUTABLE_REFERENCE/DealPME_V3_Release/gold-reference/qa/mutations_v3/auto_cert-validation.json,04_EXECUTABLE_REFERENCE,338,9c28e452e358b164ba1f205fc1909ee0e2fc79374c6ff35142820917768bd346
04_EXECUTABLE_REFERENCE/DealPME_V3_Release/gold-reference/qa/mutations_v3/auto_cert.json,04_EXECUTABLE_REFERENCE,67365,dd46d9a84fd249b7c8f993d577f857343f07c5d4f13669a8b33c8ca1ee86c8d3
04_EXECUTABLE_REFERENCE/DealPME_V3_Release/gold-reference/qa/mutations_v3/balance-interaction.json,04_EXECUTABLE_REFERENCE,128,35b92dc28e741bc70338c34a0843c73481ad9c23545d977d96d0bb5a292f2206
04_EXECUTABLE_REFERENCE/DealPME_V3_Release/gold-reference/qa/mutations_v3/balance-validation.json,04_EXECUTABLE_REFERENCE,349,8785c1d87f6c4b410d7e25ce6f2e3d79fdb95d2bb4feff758a38b0c8917b7adc
04_EXECUTABLE_REFERENCE/DealPME_V3_Release/gold-reference/qa/mutations_v3/balance.json,04_EXECUTABLE_REFERENCE,67364,fd0c743927ef91a9843a3082584ac70fc37aeb7ff0fd8f4ffb214ad40be26d5b
04_EXECUTABLE_REFERENCE/DealPME_V3_Release/gold-reference/qa/mutations_v3/broken_qa_ref-interaction.json,04_EXECUTABLE_REFERENCE,274,48dfdad921543ce9fddeb1d9ddb5c8ceb62f1b65600d1a1b63672246d9ed7170
04_EXECUTABLE_REFERENCE/DealPME_V3_Release/gold-reference/qa/mutations_v3/broken_qa_ref-validation.json,04_EXECUTABLE_REFERENCE,326,1e9e15bc6c52c376bf576db75e8e8ec68db959a536a664926fb13c7e2d251ffb
04_EXECUTABLE_REFERENCE/DealPME_V3_Release/gold-reference/qa/mutations_v3/broken_qa_ref.json,04_EXECUTABLE_REFERENCE,67364,202fbb512f6abab2a0c0ceab1e778f6028b811b61e16ca7fbf51c982795d330e
04_EXECUTABLE_REFERENCE/DealPME_V3_Release/gold-reference/qa/mutations_v3/generate.log,04_EXECUTABLE_REFERENCE,1159,cc795be3357ab341282ff92d63619a031e0a1d801acfba47909db9ca4a11fdfe
04_EXECUTABLE_REFERENCE/DealPME_V3_Release/gold-reference/qa/mutations_v3/live_fixture-interaction.json,04_EXECUTABLE_REFERENCE,128,35b92dc28e741bc70338c34a0843c73481ad9c23545d977d96d0bb5a292f2206
04_EXECUTABLE_REFERENCE/DealPME_V3_Release/gold-reference/qa/mutations_v3/live_fixture-validation.json,04_EXECUTABLE_REFERENCE,354,d10d8737fa495487a8b206d137aa1608161d2ce9eaa28845444d4d34979d9fc0
04_EXECUTABLE_REFERENCE/DealPME_V3_Release/gold-reference/qa/mutations_v3/live_fixture.json,04_EXECUTABLE_REFERENCE,67365,d03eb8b87987735beb9d89bb8223680cb7af176047a47799e421db489fb3c1c6
04_EXECUTABLE_REFERENCE/DealPME_V3_Release/gold-reference/qa/mutations_v3/mutation-manifest.json,04_EXECUTABLE_REFERENCE,1158,61b6987ba67397c8ccad039c84c8b50c026eed47e185c0189a9c4d751f74b5a8
04_EXECUTABLE_REFERENCE/DealPME_V3_Release/gold-reference/qa/mutations_v3/mutation-regression-summary.json,04_EXECUTABLE_REFERENCE,1308,7f3d1cf5add5c96a80fd308eb5b702a9da940473efa3252f3dd94d9c9ecbab20
04_EXECUTABLE_REFERENCE/DealPME_V3_Release/gold-reference/qa/mutations_v3/t1_leak-interaction.json,04_EXECUTABLE_REFERENCE,128,35b92dc28e741bc70338c34a0843c73481ad9c23545d977d96d0bb5a292f2206
04_EXECUTABLE_REFERENCE/DealPME_V3_Release/gold-reference/qa/mutations_v3/t1_leak-validation.json,04_EXECUTABLE_REFERENCE,343,ba805e820419fb10a3434cdd9e0ce36f685609fa66ba4f554903cc92b86bfbce
04_EXECUTABLE_REFERENCE/DealPME_V3_Release/gold-reference/qa/mutations_v3/t1_leak.json,04_EXECUTABLE_REFERENCE,67411,e8787d7e990767dba01d35f836bee8ae598367017cac7481fac54e9aab637025
04_EXECUTABLE_REFERENCE/DealPME_V3_Release/gold-reference/qa/mutations_v3/unregister_control-interaction.json,04_EXECUTABLE_REFERENCE,292,a2540f5be1a26f462d71296c0ef5bf4edceb18ed5cecd565431c8231bf389888
04_EXECUTABLE_REFERENCE/DealPME_V3_Release/gold-reference/qa/mutations_v3/unregister_control-validation.json,04_EXECUTABLE_REFERENCE,193,9c7fb05ef86d55a78670b3f20640be3eaa29cda4c5e941a85d76038b1a5ae1ac
04_EXECUTABLE_REFERENCE/DealPME_V3_Release/gold-reference/qa/mutations_v3/unregister_control.json,04_EXECUTABLE_REFERENCE,67089,59f217dfe26f9e449c540516f61b19167fa5976f3d5691d09a5934a346d9d216
04_EXECUTABLE_REFERENCE/DealPME_V3_Release/gold-reference/qa/mutations_v3/valuation_claim-interaction.json,04_EXECUTABLE_REFERENCE,128,35b92dc28e741bc70338c34a0843c73481ad9c23545d977d96d0bb5a292f2206
04_EXECUTABLE_REFERENCE/DealPME_V3_Release/gold-reference/qa/mutations_v3/valuation_claim-validation.json,04_EXECUTABLE_REFERENCE,350,e2014a600fda87f2e5eac065c6c9a99bbc02e20aace501517d05f27bc885cb55
04_EXECUTABLE_REFERENCE/DealPME_V3_Release/gold-reference/qa/mutations_v3/valuation_claim.json,04_EXECUTABLE_REFERENCE,67349,76b63bb2ab0cdb205a4d5e21ad1b7ef857292ab830343163b77e387d57126033
04_EXECUTABLE_REFERENCE/DealPME_V3_Release/gold-reference/qa/mutations_v3/vdr_gate-interaction.json,04_EXECUTABLE_REFERENCE,128,35b92dc28e741bc70338c34a0843c73481ad9c23545d977d96d0bb5a292f2206
04_EXECUTABLE_REFERENCE/DealPME_V3_Release/gold-reference/qa/mutations_v3/vdr_gate-validation.json,04_EXECUTABLE_REFERENCE,310,2a5fceeaebc187ddbcb39e18067fcbc8d193808b5b9b690f8519e3c4a97d8c95
04_EXECUTABLE_REFERENCE/DealPME_V3_Release/gold-reference/qa/mutations_v3/vdr_gate.json,04_EXECUTABLE_REFERENCE,67365,c6d9d9a2e0472425dd76199aeaa541d46917882d83ee88ea8076812e79dbed5c
04_EXECUTABLE_REFERENCE/DealPME_V3_Release/gold-reference/qa/pt001-financials-desktop.png,04_EXECUTABLE_REFERENCE,423627,91849905a18561e42c712d28f3932872131dfacb2a8afc30a7ad0e0ba1345353
04_EXECUTABLE_REFERENCE/DealPME_V3_Release/gold-reference/qa/pt001-mobile.png,04_EXECUTABLE_REFERENCE,269761,6586238853bc02a834059794473545d0fd4d9a8104ec94bab9dd23b95456ca43
04_EXECUTABLE_REFERENCE/DealPME_V3_Release/gold-reference/qa/pt001-overview-desktop.png,04_EXECUTABLE_REFERENCE,402233,f4a3dc9d02e47ebdf75525c5b58adff2537cfb5d97c83ea09f36a56b2df30c98
04_EXECUTABLE_REFERENCE/DealPME_V3_Release/gold-reference/qa/pt001-vdr-desktop.png,04_EXECUTABLE_REFERENCE,159282,c7e08981ba953aa6dccaea5a6a0c7c422a0714063018b284f8c738ced9bd818f
04_EXECUTABLE_REFERENCE/DealPME_V3_Release/gold-reference/qa/qa-fixture-validation.json,04_EXECUTABLE_REFERENCE,180,0a9043604489bee1a2e929fa230ad01b5381479a2699675e159b90bdea70a3ab
04_EXECUTABLE_REFERENCE/DealPME_V3_Release/gold-reference/qa/qa-fixture-validation.log,04_EXECUTABLE_REFERENCE,340,75a4b402f24c8c6f88d207e920fbffb3e0e59bc4695f5d68c8c2502fa8a9f2e0
04_EXECUTABLE_REFERENCE/DealPME_V3_Release/gold-reference/qa/reference-control-validation.json,04_EXECUTABLE_REFERENCE,73,8d587769316a868add0b514ff8d75b28a5cf2d9b117e53749e019d5b7a0257ec
04_EXECUTABLE_REFERENCE/DealPME_V3_Release/gold-reference/qa/ui-contract-validation.json,04_EXECUTABLE_REFERENCE,102,59b92b052a6b74367567a711367b72760b4dd7d2e9f694d6b075069c0ecf5ff7
04_EXECUTABLE_REFERENCE/DealPME_V3_Release/gold-reference/qa/ui-contract-validation.log,04_EXECUTABLE_REFERENCE,102,cc783c3784fbb8077efe534314f19eea4430d63e1f57c5c588eb37ad37f22235
04_EXECUTABLE_REFERENCE/DealPME_V3_Release/gold-reference/spec/ACCESS_STATE_MATRIX.md,04_EXECUTABLE_REFERENCE,741,75a4870cfa908008c728a3afdb8013b4f641e09e7cb04082e2d1004da0ec5499
04_EXECUTABLE_REFERENCE/DealPME_V3_Release/gold-reference/spec/DEVELOPER_IMPLEMENTATION_STANDARD.md,04_EXECUTABLE_REFERENCE,4300,b1aab54ebd3f13e9945a203cdf3d8d06c67147b8c9cee895be8a28f759855e45
04_EXECUTABLE_REFERENCE/DealPME_V3_Release/gold-reference/spec/RELEASE_GATE.md,04_EXECUTABLE_REFERENCE,2034,88e682327c7a9308c58695aa8dce9e34b314439f33c41ef88aeb6428bb220cda
04_EXECUTABLE_REFERENCE/DealPME_V3_Release/gold-reference/spec/UI_INTERACTION_REGISTRY.md,04_EXECUTABLE_REFERENCE,4796,106893baddcc79d1aea7ea59b5574fb13b8ae78059f2610a0ef5a7c08faa5a5e
04_EXECUTABLE_REFERENCE/DealPME_V3_Release/gold-reference/standalone.html,04_EXECUTABLE_REFERENCE,178028,ac5a8e3db1a336d7b2e1eaac1e69e570079758bd9f0be5398615c469fea32444
04_EXECUTABLE_REFERENCE/DealPME_V3_Release/gold-reference/styles.css,04_EXECUTABLE_REFERENCE,17126,6ec9d6aa72d6a068543f932f3cca0db5f86defde101f11d500a07e3762d3c777
04_EXECUTABLE_REFERENCE/DealPME_V3_Release/gold-reference/tests/run_e2e.py,04_EXECUTABLE_REFERENCE,11375,ee8d009c089e30a302499ba63208281acefa127f0d86b3255d03c7f9083a0b41
04_EXECUTABLE_REFERENCE/DealPME_V3_Release/gold-reference/tools/build_standalone.py,04_EXECUTABLE_REFERENCE,1691,081aeca461a98102a40a4dd57507713b7f06725a176867ec7bb3171f74575189
04_EXECUTABLE_REFERENCE/DealPME_V3_Release/governance/ACCESS_STATE_MATRIX.md,04_EXECUTABLE_REFERENCE,741,75a4870cfa908008c728a3afdb8013b4f641e09e7cb04082e2d1004da0ec5499
04_EXECUTABLE_REFERENCE/DealPME_V3_Release/governance/DEVELOPER_IMPLEMENTATION_STANDARD.md,04_EXECUTABLE_REFERENCE,4300,b1aab54ebd3f13e9945a203cdf3d8d06c67147b8c9cee895be8a28f759855e45
04_EXECUTABLE_REFERENCE/DealPME_V3_Release/governance/GLOBAL_INTERACTION_REGISTRY.csv,04_EXECUTABLE_REFERENCE,83446,dcf6eda01db4fb9d214566ac0d7addb74fb134ba6eac0e53077cee0089754b85
04_EXECUTABLE_REFERENCE/DealPME_V3_Release/governance/GLOBAL_INTERACTION_REGISTRY.json,04_EXECUTABLE_REFERENCE,239629,96fc791231626fb79302cac661094f1be48e328175a38383c2b5e9cd70df743a
04_EXECUTABLE_REFERENCE/DealPME_V3_Release/governance/GLOBAL_INTERACTION_REGISTRY.md,04_EXECUTABLE_REFERENCE,76452,8d971848e84c7523077d4da93b6221fa8ba53b5208b1f9f352ffdf9ec172a423
04_EXECUTABLE_REFERENCE/DealPME_V3_Release/governance/GLOBAL_INTERACTION_REGISTRY_V3_1.csv,04_EXECUTABLE_REFERENCE,152194,71443c22ca1dd723de87314bc9c0c88fdb0de3b0a69e5d254161a880c45e4f8b
04_EXECUTABLE_REFERENCE/DealPME_V3_Release/governance/GLOBAL_INTERACTION_REGISTRY_V3_1.md,04_EXECUTABLE_REFERENCE,118797,5be2774e6ae1c8716443519389bb7cf687ae460ec88cea465bfc60bb926da6f4
04_EXECUTABLE_REFERENCE/DealPME_V3_Release/governance/RELEASE_GATE.md,04_EXECUTABLE_REFERENCE,2034,88e682327c7a9308c58695aa8dce9e34b314439f33c41ef88aeb6428bb220cda
04_EXECUTABLE_REFERENCE/DealPME_V3_Release/governance/UI_INTERACTION_REGISTRY.md,04_EXECUTABLE_REFERENCE,4796,106893baddcc79d1aea7ea59b5574fb13b8ae78059f2610a0ef5a7c08faa5a5e
04_EXECUTABLE_REFERENCE/DealPME_V3_Release/governance/VDR_INTELLIGENCE_INTERACTION_REGISTRY.csv,04_EXECUTABLE_REFERENCE,45881,354edab6b2c13da8d2ddf4098cd673427eaff390dd2ed352eeb810fb4b061e41
04_EXECUTABLE_REFERENCE/DealPME_V3_Release/governance/VDR_INTELLIGENCE_INTERACTION_REGISTRY.md,04_EXECUTABLE_REFERENCE,48770,91a32e1b2e667f6652b499f033796b11ca7812769a1454ef5eaf600a5fd4a1b9
04_EXECUTABLE_REFERENCE/DealPME_V3_Release/implementation/VDR_IMPLEMENTATION_GUIDE.md,04_EXECUTABLE_REFERENCE,13688,707f5935f0572e5b01d033f504c8a33ad574f44d23ca8cf53eaf1d236abc2b4d
04_EXECUTABLE_REFERENCE/DealPME_V3_Release/pass-transmission/INDEX.md,04_EXECUTABLE_REFERENCE,1743,e3170501fac2d7a2c10b414d85de14eb5acd91e858858100d2e620cb4f7d4297
04_EXECUTABLE_REFERENCE/DealPME_V3_Release/pass-transmission/PT-001/DEV_INDEX.md,04_EXECUTABLE_REFERENCE,1110,bfeef2f5bf624591cd55da060af01e0cfc47fdf655c74151ba163061f037b52b
04_EXECUTABLE_REFERENCE/DealPME_V3_Release/pass-transmission/PT-001/app.js,04_EXECUTABLE_REFERENCE,36112,b28b6e3485ce03f16ff406c630a234cfc94df19ee672459ff4d4b5da19b13d01
04_EXECUTABLE_REFERENCE/DealPME_V3_Release/pass-transmission/PT-001/assets/dealpme-logo.jpg,04_EXECUTABLE_REFERENCE,16596,14e96ab26c9d691bb9a34716f8006869e12f6e99e6778a98967280fcb83dacc8
04_EXECUTABLE_REFERENCE/DealPME_V3_Release/pass-transmission/PT-001/data/access-matrix.json,04_EXECUTABLE_REFERENCE,2407,595f659475c2a1f3cabced74d724b9b3486fbaccf7bead543d735dd0552817bc
04_EXECUTABLE_REFERENCE/DealPME_V3_Release/pass-transmission/PT-001/data/deallens-policy.json,04_EXECUTABLE_REFERENCE,645,147df446ae35091f75dffc3782d44860e2babc13f4918648c4499573814f63f8
04_EXECUTABLE_REFERENCE/DealPME_V3_Release/pass-transmission/PT-001/data/diligence-coverage.json,04_EXECUTABLE_REFERENCE,2152,48484da4089bde3a0f69edcc84f14046bccb1f6fcc5b127cea854f33537f5f2e
04_EXECUTABLE_REFERENCE/DealPME_V3_Release/pass-transmission/PT-001/data/document-intelligence.json,04_EXECUTABLE_REFERENCE,41145,ddc33a42e6ff85279d6c7ca85f5a54020a33385227b5965c4662353ecdf11c83
04_EXECUTABLE_REFERENCE/DealPME_V3_Release/pass-transmission/PT-001/data/documents/DOC-AST-001.md,04_EXECUTABLE_REFERENCE,601,62477b13a13b68dfab6f69ff56ec0fb287ea04533ec64f75080a859496b4088a
04_EXECUTABLE_REFERENCE/DealPME_V3_Release/pass-transmission/PT-001/data/documents/DOC-AST-002.md,04_EXECUTABLE_REFERENCE,587,81a1460c26329b8d2b4150c7f7573c34bb2dd60b15ec9b61343d84a09f4dd390
04_EXECUTABLE_REFERENCE/DealPME_V3_Release/pass-transmission/PT-001/data/documents/DOC-AST-003.md,04_EXECUTABLE_REFERENCE,552,947fab56d6d1c56954c13e5a190b3a824bb15dac4a71cf8079bc4427d87e0131
04_EXECUTABLE_REFERENCE/DealPME_V3_Release/pass-transmission/PT-001/data/documents/DOC-COM-001.md,04_EXECUTABLE_REFERENCE,565,febb87fcc2c87f5cf86f37ba9eefa1f71d9263f0502822e51c2a30d925f04c56
04_EXECUTABLE_REFERENCE/DealPME_V3_Release/pass-transmission/PT-001/data/documents/DOC-COM-002.md,04_EXECUTABLE_REFERENCE,640,443fcf7738a21f12d69fa8831fc2a318058f23801830f8cadc2b5089cbef99ec
04_EXECUTABLE_REFERENCE/DealPME_V3_Release/pass-transmission/PT-001/data/documents/DOC-COR-001.md,04_EXECUTABLE_REFERENCE,594,36db43afe48864b975a272d3e85ffdd96e2b82b2fe3f6bfd7982105806c89023
04_EXECUTABLE_REFERENCE/DealPME_V3_Release/pass-transmission/PT-001/data/documents/DOC-COR-002.md,04_EXECUTABLE_REFERENCE,628,f13294b6fe12c980afb4519a25ce5ba034997da566622fc30d00c7a096748959
04_EXECUTABLE_REFERENCE/DealPME_V3_Release/pass-transmission/PT-001/data/documents/DOC-COR-003.md,04_EXECUTABLE_REFERENCE,594,e701f7a1fb3d5f075196f5bce860b384d0eb9d10715042d54cfccdb6481d7ebe
04_EXECUTABLE_REFERENCE/DealPME_V3_Release/pass-transmission/PT-001/data/documents/DOC-EQT-001.md,04_EXECUTABLE_REFERENCE,587,e0fe2737429f3955752288168534e6608dbf58ac1ea0c89b612f1dd426b4e33f
04_EXECUTABLE_REFERENCE/DealPME_V3_Release/pass-transmission/PT-001/data/documents/DOC-EQT-002.md,04_EXECUTABLE_REFERENCE,629,bf9e3874d300724c029a1beaabc774347c040a9de52786ce95e9e34080d76f1b
04_EXECUTABLE_REFERENCE/DealPME_V3_Release/pass-transmission/PT-001/data/documents/DOC-FIN-001.md,04_EXECUTABLE_REFERENCE,577,d1459fd40c87c98afaf35c130126e53c45de4533390e10f07b77931f79e4f40a
04_EXECUTABLE_REFERENCE/DealPME_V3_Release/pass-transmission/PT-001/data/documents/DOC-FIN-002.md,04_EXECUTABLE_REFERENCE,529,751db023b79c5b607cec4bab8cb640438c58ae84c030c16be9564848041e88db
04_EXECUTABLE_REFERENCE/DealPME_V3_Release/pass-transmission/PT-001/data/documents/DOC-FIN-003.md,04_EXECUTABLE_REFERENCE,593,a25de96935eaa3046bdd040ec3d3b9c10c1bccbd99a9d70787daaccd7cbc5ca9
04_EXECUTABLE_REFERENCE/DealPME_V3_Release/pass-transmission/PT-001/data/documents/DOC-FIN-004.md,04_EXECUTABLE_REFERENCE,561,d7aa0ce0a0515bd76cb6dfa9505a6a95e38c9ef252301471972283156a2ee66b
04_EXECUTABLE_REFERENCE/DealPME_V3_Release/pass-transmission/PT-001/data/documents/DOC-FIN-005.md,04_EXECUTABLE_REFERENCE,616,52a2f6179d78c5caa2395902055df3ab197b1dba4b49f40f5b449f38737cb12f
04_EXECUTABLE_REFERENCE/DealPME_V3_Release/pass-transmission/PT-001/data/documents/DOC-FIN-006.md,04_EXECUTABLE_REFERENCE,589,e2bc5ffb178261bdebd03533749a36fa9b9caca3e4d0dc525e90c04a0f4c8553
04_EXECUTABLE_REFERENCE/DealPME_V3_Release/pass-transmission/PT-001/data/documents/DOC-HR-001.md,04_EXECUTABLE_REFERENCE,605,2b7b68e136034d30bf2b0e5b2e06faebb645190c7b6d82338c40f33d60039768
04_EXECUTABLE_REFERENCE/DealPME_V3_Release/pass-transmission/PT-001/data/documents/DOC-HR-002.md,04_EXECUTABLE_REFERENCE,602,bcd77d4f27c564d992cf53dfc256e028ff011e7fd46210066bf5b7fc4b0c74c9
04_EXECUTABLE_REFERENCE/DealPME_V3_Release/pass-transmission/PT-001/data/documents/DOC-OPS-003.md,04_EXECUTABLE_REFERENCE,608,ea7043fac0c9adbf0fe940da422e905555305a5e8ac837e5c4156428f0d04ea1
04_EXECUTABLE_REFERENCE/DealPME_V3_Release/pass-transmission/PT-001/data/documents/DOC-REG-001.md,04_EXECUTABLE_REFERENCE,583,8548b6b6a2b0f18bdb53139271b0b2bee9913abeadf4c67dc44c1a78be70a233
04_EXECUTABLE_REFERENCE/DealPME_V3_Release/pass-transmission/PT-001/data/documents/DOC-REG-002.md,04_EXECUTABLE_REFERENCE,580,b1271796be5e522fa35e812bfcb293166ff1d67954ffba4bc727d3d4bf905333
04_EXECUTABLE_REFERENCE/DealPME_V3_Release/pass-transmission/PT-001/data/documents/DOC-SUP-001.md,04_EXECUTABLE_REFERENCE,615,cef4a63f2b9837e064d38a9cfcb220f7a9f6675fbc1a1738e17abb913629457b
04_EXECUTABLE_REFERENCE/DealPME_V3_Release/pass-transmission/PT-001/data/documents/DOC-SUP-002.md,04_EXECUTABLE_REFERENCE,580,9917608cde15a06583c32a4db8b2ba506b0d890a0947e6e8bf7fd332e0be0094
04_EXECUTABLE_REFERENCE/DealPME_V3_Release/pass-transmission/PT-001/data/documents/DOC-TAX-001.md,04_EXECUTABLE_REFERENCE,609,e1955c59fa3f1aaec1d71754befa795014ce174642aea72a3ecfad39c2602c48
04_EXECUTABLE_REFERENCE/DealPME_V3_Release/pass-transmission/PT-001/data/documents/DOC-TAX-002.md,04_EXECUTABLE_REFERENCE,579,4c869d81f658cd3483c0169f5f19931342aef162a17d4089b32e51003b782cdc
04_EXECUTABLE_REFERENCE/DealPME_V3_Release/pass-transmission/PT-001/data/documents/DOC-TRX-001.md,04_EXECUTABLE_REFERENCE,622,8d703d218f2c0420a08484e26240256c36839f8410c7d463faad6405076f345a
04_EXECUTABLE_REFERENCE/DealPME_V3_Release/pass-transmission/PT-001/data/documents/DOC-TRX-002.md,04_EXECUTABLE_REFERENCE,568,bfe5e183eb45b6e34afe5bff853c91f20e4b9c2199bea0bb3fae86f5268dacb2
04_EXECUTABLE_REFERENCE/DealPME_V3_Release/pass-transmission/PT-001/data/documents/DOC-TRX-003.md,04_EXECUTABLE_REFERENCE,609,054b6f104de2e6ac2166a6b072390b25588d83358ccad7bc0974aa327ff0251f
04_EXECUTABLE_REFERENCE/DealPME_V3_Release/pass-transmission/PT-001/data/documents.json,04_EXECUTABLE_REFERENCE,18631,b7af398a4166ed4505e7b60b6d66f8fbf9761d0e30f48eeef4f818b7f86fec45
04_EXECUTABLE_REFERENCE/DealPME_V3_Release/pass-transmission/PT-001/data/embed.js,04_EXECUTABLE_REFERENCE,98966,2b82c13326aa0c24b597ead36acd4aeaaa1ea50f1cddb59b19bcd33a55018d85
04_EXECUTABLE_REFERENCE/DealPME_V3_Release/pass-transmission/PT-001/data/engagement-pulse.json,04_EXECUTABLE_REFERENCE,999,506c6bcc9e4b884f77d056342ed00d814ba89364d87513582eda44f468040eb4
04_EXECUTABLE_REFERENCE/DealPME_V3_Release/pass-transmission/PT-001/data/evidence-map.json,04_EXECUTABLE_REFERENCE,10096,1888bf88ecda1666ba72e19e07f171e01f016e5bc23f6954171aac312c64c0f4
04_EXECUTABLE_REFERENCE/DealPME_V3_Release/pass-transmission/PT-001/data/financial-tieout.json,04_EXECUTABLE_REFERENCE,1076,132a1313378ac56feac490492b75c3ba7396c16f0c00ed997f52beb8c46fe389
04_EXECUTABLE_REFERENCE/DealPME_V3_Release/pass-transmission/PT-001/data/fixture.v3.json,04_EXECUTABLE_REFERENCE,62491,6e269bc97d01d1a7693716886dc63236547bc3478330b4bed31bba4e8d85069f
04_EXECUTABLE_REFERENCE/DealPME_V3_Release/pass-transmission/PT-001/data/interaction-contract.json,04_EXECUTABLE_REFERENCE,11729,689f6947d9b5c9b43312fc6cedefae7f1f025ce58d9dce0aa17ba247b822fbff
04_EXECUTABLE_REFERENCE/DealPME_V3_Release/pass-transmission/PT-001/data/interaction-contract.vdr.json,04_EXECUTABLE_REFERENCE,12681,780caf1fb3b43753a8baac66df3e32c563953d000899a731cf976bcbae83fe62
04_EXECUTABLE_REFERENCE/DealPME_V3_Release/pass-transmission/PT-001/data/q-and-a.json,04_EXECUTABLE_REFERENCE,5317,27e0b069dd285a2e0b2020634edc2cdeab8a36f54cbf62be46eac99b95708682
04_EXECUTABLE_REFERENCE/DealPME_V3_Release/pass-transmission/PT-001/data/redaction-proposals.json,04_EXECUTABLE_REFERENCE,646,578ab1e142781e34ffc72cb479825fa92c089d19ee569da62561ee3c88ad75b3
04_EXECUTABLE_REFERENCE/DealPME_V3_Release/pass-transmission/PT-001/data/risks.json,04_EXECUTABLE_REFERENCE,5436,27971ef000c6585d6320a718982eec62510fbc9b2aa4bd5c013e66d43bbec367
04_EXECUTABLE_REFERENCE/DealPME_V3_Release/pass-transmission/PT-001/data/vdr-intelligence-fixture.json,04_EXECUTABLE_REFERENCE,109085,21bdc0847172e6aa01f540c81acdbd78542e926da099f539797df26900f95ee2
04_EXECUTABLE_REFERENCE/DealPME_V3_Release/pass-transmission/PT-001/data/version-intelligence.json,04_EXECUTABLE_REFERENCE,670,0792cf799b753bc4a22c4426ad7258e916803c87b8feb8c5a58a1c8ca1453c85
04_EXECUTABLE_REFERENCE/DealPME_V3_Release/pass-transmission/PT-001/index.html,04_EXECUTABLE_REFERENCE,360,e0bf71403e1e78bf270ed8e862be1e2374cea5467f0ab2e450b302bd49247e4f
04_EXECUTABLE_REFERENCE/DealPME_V3_Release/pass-transmission/PT-001/sample.md,04_EXECUTABLE_REFERENCE,1786,092d93ac09798f73c3f56f90b11374759a4047370c275da2b9ec20c45757f8fc
04_EXECUTABLE_REFERENCE/DealPME_V3_Release/pass-transmission/PT-001/standalone.html,04_EXECUTABLE_REFERENCE,152516,e8e59b235392307a9655e921e12553b39cf8b71eef57b76f9ad27d1a4b8af399
04_EXECUTABLE_REFERENCE/DealPME_V3_Release/pass-transmission/PT-001/styles.css,04_EXECUTABLE_REFERENCE,17126,6ec9d6aa72d6a068543f932f3cca0db5f86defde101f11d500a07e3762d3c777
04_EXECUTABLE_REFERENCE/DealPME_V3_Release/pass-transmission/PT-001/vdr-intelligence/README.md,04_EXECUTABLE_REFERENCE,328,fb9b36ba22d71a3bfff4001388df11ea8120e3d74fd2f9971b2377a92243f2c6
04_EXECUTABLE_REFERENCE/DealPME_V3_Release/pass-transmission/PT-001/vdr-intelligence/app.js,04_EXECUTABLE_REFERENCE,19993,efa2ee5d6c9bc713963a2738d8c9860671f932edb4ff2a0c6a8af615534d9bc3
04_EXECUTABLE_REFERENCE/DealPME_V3_Release/pass-transmission/PT-001/vdr-intelligence/data/embed.js,04_EXECUTABLE_REFERENCE,91038,0f4758d94ff59b2aa4e5a9ad774211dc76f49c906cfbcd533f6a642947d9a660
04_EXECUTABLE_REFERENCE/DealPME_V3_Release/pass-transmission/PT-001/vdr-intelligence/index.html,04_EXECUTABLE_REFERENCE,330,ef56254bf26606e6d5e89f1dc39fd407eb2b06cb4f2d002f9d69505b59f4f55f
04_EXECUTABLE_REFERENCE/DealPME_V3_Release/pass-transmission/PT-001/vdr-intelligence/standalone.html,04_EXECUTABLE_REFERENCE,117933,f97d64fdecc10a147b262abf89acb8885ee80292be0a86d532e8c8a46fd24f2a
04_EXECUTABLE_REFERENCE/DealPME_V3_Release/pass-transmission/PT-001/vdr-intelligence/styles.css,04_EXECUTABLE_REFERENCE,6631,d3242f29ba66fa596c3998732a70e45611f4d8ce58ed77beda1d961c57d9f6a0
04_EXECUTABLE_REFERENCE/DealPME_V3_Release/pass-transmission/PT-002/DEV_INDEX.md,04_EXECUTABLE_REFERENCE,1110,36d8de6a95a96c015c63fcaab8237dc90b53b33482d7b402e1af82452ab4e9a9
04_EXECUTABLE_REFERENCE/DealPME_V3_Release/pass-transmission/PT-002/app.js,04_EXECUTABLE_REFERENCE,36112,b28b6e3485ce03f16ff406c630a234cfc94df19ee672459ff4d4b5da19b13d01
04_EXECUTABLE_REFERENCE/DealPME_V3_Release/pass-transmission/PT-002/assets/dealpme-logo.jpg,04_EXECUTABLE_REFERENCE,16596,14e96ab26c9d691bb9a34716f8006869e12f6e99e6778a98967280fcb83dacc8
04_EXECUTABLE_REFERENCE/DealPME_V3_Release/pass-transmission/PT-002/data/access-matrix.json,04_EXECUTABLE_REFERENCE,2407,60bb699234d3a9d47504f6ae62df38ebfd1b936bf754ef595c6acd8e8163744e
04_EXECUTABLE_REFERENCE/DealPME_V3_Release/pass-transmission/PT-002/data/deallens-policy.json,04_EXECUTABLE_REFERENCE,645,a5817463038467289f510354fd951b5b91d9ee36e4c8aacdb786bc253c8d2e6b
04_EXECUTABLE_REFERENCE/DealPME_V3_Release/pass-transmission/PT-002/data/diligence-coverage.json,04_EXECUTABLE_REFERENCE,2152,ce75a13f1079957e0d060c102c2ec4380af986b9a048413584f5d4630e8c5ac5
04_EXECUTABLE_REFERENCE/DealPME_V3_Release/pass-transmission/PT-002/data/document-intelligence.json,04_EXECUTABLE_REFERENCE,41165,0e806e1aa9a33bbb56b2715b4dc8ea49072e56dea9cb036e49257e6fde9b76ab
04_EXECUTABLE_REFERENCE/DealPME_V3_Release/pass-transmission/PT-002/data/documents/DOC-AST-001.md,04_EXECUTABLE_REFERENCE,608,92d61cb8b3a11d5c2ba2af1385cb017a48373d4cfac653099133621a17bb74a5
04_EXECUTABLE_REFERENCE/DealPME_V3_Release/pass-transmission/PT-002/data/documents/DOC-AST-002.md,04_EXECUTABLE_REFERENCE,587,254dca301cd21358a3c53dbf766cf118670477d3a7a6bd8cf4d5b53b087f6596
04_EXECUTABLE_REFERENCE/DealPME_V3_Release/pass-transmission/PT-002/data/documents/DOC-AST-003.md,04_EXECUTABLE_REFERENCE,551,a70f7b58d53c5d7eddd5ab753d0b4bbcf66363b791d1dae681dc0b05c23f622f
04_EXECUTABLE_REFERENCE/DealPME_V3_Release/pass-transmission/PT-002/data/documents/DOC-COM-001.md,04_EXECUTABLE_REFERENCE,565,aa550e5c259451828abdac689fa0a6dc42f64ef3df230da98d4fa9f9562bf795
04_EXECUTABLE_REFERENCE/DealPME_V3_Release/pass-transmission/PT-002/data/documents/DOC-COM-002.md,04_EXECUTABLE_REFERENCE,647,5fd44c1dbb580fd79f0ae06d63dcc368dd147f96b78c8653078766abe2a1228a
04_EXECUTABLE_REFERENCE/DealPME_V3_Release/pass-transmission/PT-002/data/documents/DOC-COR-001.md,04_EXECUTABLE_REFERENCE,583,c03b23c219c03faf5d7cd553370eb9151f8fc0272f3d065f15494853fc2e0f05
04_EXECUTABLE_REFERENCE/DealPME_V3_Release/pass-transmission/PT-002/data/documents/DOC-COR-002.md,04_EXECUTABLE_REFERENCE,635,777f222375b01bff2e16391655d211f15641aeb2d919637ac7df33ba55ceddb2
04_EXECUTABLE_REFERENCE/DealPME_V3_Release/pass-transmission/PT-002/data/documents/DOC-COR-003.md,04_EXECUTABLE_REFERENCE,594,f76e7d380d2d0ce4aa0ae09e1e42a92f195c13e4b373cccc074727d021fda573
04_EXECUTABLE_REFERENCE/DealPME_V3_Release/pass-transmission/PT-002/data/documents/DOC-EQT-001.md,04_EXECUTABLE_REFERENCE,586,f90c31e643b91d5b749d5afeee4224dd568eb5fae538f23dbe565a87358a9012
04_EXECUTABLE_REFERENCE/DealPME_V3_Release/pass-transmission/PT-002/data/documents/DOC-EQT-002.md,04_EXECUTABLE_REFERENCE,629,91ca05b24542260fa5b0721a63ab0fa884d47fd58a5bc375f14ccf6a2b68398e
04_EXECUTABLE_REFERENCE/DealPME_V3_Release/pass-transmission/PT-002/data/documents/DOC-FIN-001.md,04_EXECUTABLE_REFERENCE,577,4191a1c60145b22398708843665690f137472aa5f5e9aab9331304afbb787860
04_EXECUTABLE_REFERENCE/DealPME_V3_Release/pass-transmission/PT-002/data/documents/DOC-FIN-002.md,04_EXECUTABLE_REFERENCE,529,6a50ff653b6bf07030585b3aa726b4494f295e94fd4b8ccef15f1271974bcbac
04_EXECUTABLE_REFERENCE/DealPME_V3_Release/pass-transmission/PT-002/data/documents/DOC-FIN-003.md,04_EXECUTABLE_REFERENCE,593,f087b78507ab83b619d40c95a94393cb1770a2d9f22cfb4ff7564a2f9a12ae49
04_EXECUTABLE_REFERENCE/DealPME_V3_Release/pass-transmission/PT-002/data/documents/DOC-FIN-004.md,04_EXECUTABLE_REFERENCE,561,4c90904f6a072cd639ba20765b78d5669aebcec1dae3ad9dda1d3252528faa6b
04_EXECUTABLE_REFERENCE/DealPME_V3_Release/pass-transmission/PT-002/data/documents/DOC-FIN-005.md,04_EXECUTABLE_REFERENCE,616,9020e233f99f7883033a58e9bd2f82001f86b455da37d022233cbb8e73a9cc86
04_EXECUTABLE_REFERENCE/DealPME_V3_Release/pass-transmission/PT-002/data/documents/DOC-FIN-006.md,04_EXECUTABLE_REFERENCE,596,9d62facc70139e265a86b8611430123b674e474ecddd3986d3ebfd2161534ae2
04_EXECUTABLE_REFERENCE/DealPME_V3_Release/pass-transmission/PT-002/data/documents/DOC-HR-001.md,04_EXECUTABLE_REFERENCE,605,aee6f0a1e475facd2dd5429e8dc8e32b3ad707733ceb8a9781d8130ccef878d8
04_EXECUTABLE_REFERENCE/DealPME_V3_Release/pass-transmission/PT-002/data/documents/DOC-HR-002.md,04_EXECUTABLE_REFERENCE,601,5007a7b6c19c6b4c2356f486c9dfd0df34dce537996046bcbeb21c71532c1c41
04_EXECUTABLE_REFERENCE/DealPME_V3_Release/pass-transmission/PT-002/data/documents/DOC-OPS-003.md,04_EXECUTABLE_REFERENCE,608,7f586c93eaeb9598dc3b0706db3382f0f384cbd59d92b34d026b7695fb7b439c
04_EXECUTABLE_REFERENCE/DealPME_V3_Release/pass-transmission/PT-002/data/documents/DOC-REG-001.md,04_EXECUTABLE_REFERENCE,590,135f9d6f99fc47dfbd018fe6b7eef0169307e7a75649aed1b36cfbb0bbcf38bc
04_EXECUTABLE_REFERENCE/DealPME_V3_Release/pass-transmission/PT-002/data/documents/DOC-REG-002.md,04_EXECUTABLE_REFERENCE,580,a4d83ebba452ca38022daf6c943b83a48e62cde853f6699684dca03bcc74b5f9
04_EXECUTABLE_REFERENCE/DealPME_V3_Release/pass-transmission/PT-002/data/documents/DOC-SUP-001.md,04_EXECUTABLE_REFERENCE,615,80b5bccad8d1a60b24fe13afce13f21a5e9df82ee2ae64a9cac0aaacd612bc25
04_EXECUTABLE_REFERENCE/DealPME_V3_Release/pass-transmission/PT-002/data/documents/DOC-SUP-002.md,04_EXECUTABLE_REFERENCE,580,ce0d49d19c2776b5380e0184d5563ba69bf92765203380fd66581a2d9070b4ce
04_EXECUTABLE_REFERENCE/DealPME_V3_Release/pass-transmission/PT-002/data/documents/DOC-TAX-001.md,04_EXECUTABLE_REFERENCE,609,f2b2ad17ca8c1317ad1f0c2414b97c52ff9b538c96e29af677992c666fd5763b
04_EXECUTABLE_REFERENCE/DealPME_V3_Release/pass-transmission/PT-002/data/documents/DOC-TAX-002.md,04_EXECUTABLE_REFERENCE,579,5e2a305bcad3d60e4de3a67a554ce6903ac687e26bcf56b41cb8fba507c9ff19
04_EXECUTABLE_REFERENCE/DealPME_V3_Release/pass-transmission/PT-002/data/documents/DOC-TRX-001.md,04_EXECUTABLE_REFERENCE,622,98c8e7c44fa6afcfcaed11952bd18148a3d85513d8badd00d22863578bcac571
04_EXECUTABLE_REFERENCE/DealPME_V3_Release/pass-transmission/PT-002/data/documents/DOC-TRX-002.md,04_EXECUTABLE_REFERENCE,567,8a3e43da5b9dc64462c74a2e380aecdb18e74698f53447e7dfc05231aa65f5a3
04_EXECUTABLE_REFERENCE/DealPME_V3_Release/pass-transmission/PT-002/data/documents/DOC-TRX-003.md,04_EXECUTABLE_REFERENCE,609,dcc92afa946fa830dd4e3a81daf608cdaf976cba60187e32068e4c9534a243c9
04_EXECUTABLE_REFERENCE/DealPME_V3_Release/pass-transmission/PT-002/data/documents.json,04_EXECUTABLE_REFERENCE,18651,b5801d42f52c108b90db5dfdc0f01a9de37d2550e5e60ad907ddbe741d6f1260
04_EXECUTABLE_REFERENCE/DealPME_V3_Release/pass-transmission/PT-002/data/embed.js,04_EXECUTABLE_REFERENCE,98885,207c17a1ddd735ed6fee7d90352494b86119625e5ee4e3cb88495ecc67fe6288
04_EXECUTABLE_REFERENCE/DealPME_V3_Release/pass-transmission/PT-002/data/engagement-pulse.json,04_EXECUTABLE_REFERENCE,999,8d2f8744899e991db386373b2858ae4f748857d5e08af25bf965ddd4530318b5
04_EXECUTABLE_REFERENCE/DealPME_V3_Release/pass-transmission/PT-002/data/evidence-map.json,04_EXECUTABLE_REFERENCE,10096,7debb65b4bfd1dd886a9b4d942769cac049969dda2b6997d09ef95f047a0c4d9
04_EXECUTABLE_REFERENCE/DealPME_V3_Release/pass-transmission/PT-002/data/financial-tieout.json,04_EXECUTABLE_REFERENCE,1076,b0112c9aaf7d13d7df65d62033d6dd16277f756b9e9eb9f32c8f07341da2b2cf
04_EXECUTABLE_REFERENCE/DealPME_V3_Release/pass-transmission/PT-002/data/fixture.v3.json,04_EXECUTABLE_REFERENCE,62351,393db1608a978376da14bb568a2d3ab9aaeadf857f4c65b5a4fee284034547ae
04_EXECUTABLE_REFERENCE/DealPME_V3_Release/pass-transmission/PT-002/data/interaction-contract.json,04_EXECUTABLE_REFERENCE,11729,b42559f3b963f998c74ce7e499a90da8eb0316ffbf478fed6547f668ac2c3d42
04_EXECUTABLE_REFERENCE/DealPME_V3_Release/pass-transmission/PT-002/data/interaction-contract.vdr.json,04_EXECUTABLE_REFERENCE,12681,49ba3fd09619747460c546dd1485ad0f6fbbe1738ed611c44e6d121fcaccba43
04_EXECUTABLE_REFERENCE/DealPME_V3_Release/pass-transmission/PT-002/data/q-and-a.json,04_EXECUTABLE_REFERENCE,5317,27e0b069dd285a2e0b2020634edc2cdeab8a36f54cbf62be46eac99b95708682
04_EXECUTABLE_REFERENCE/DealPME_V3_Release/pass-transmission/PT-002/data/redaction-proposals.json,04_EXECUTABLE_REFERENCE,646,5bc5bf143604a6e5f4eaaf1da3d5829225cf91819b3adba52491ec9bd8713e35
04_EXECUTABLE_REFERENCE/DealPME_V3_Release/pass-transmission/PT-002/data/risks.json,04_EXECUTABLE_REFERENCE,5455,800cb6f110635f9227b8e84ef9d35ac49a9dcf160300c34d31cf615cc5143fa6
04_EXECUTABLE_REFERENCE/DealPME_V3_Release/pass-transmission/PT-002/data/vdr-intelligence-fixture.json,04_EXECUTABLE_REFERENCE,109144,644458ab8f6fe0c7b947510d9852f5af9cf429a8119ad3d28458dc5c8b57e0ff
04_EXECUTABLE_REFERENCE/DealPME_V3_Release/pass-transmission/PT-002/data/version-intelligence.json,04_EXECUTABLE_REFERENCE,670,f8251c01bdaf5ae6d33756a27910d5764d97ee9a197ce49120ef7b9bf61f80a5
04_EXECUTABLE_REFERENCE/DealPME_V3_Release/pass-transmission/PT-002/index.html,04_EXECUTABLE_REFERENCE,360,f0351309be25e2a1606891b7f3087b4c84aebcce7c4d465d6c255ed77d41e97f
04_EXECUTABLE_REFERENCE/DealPME_V3_Release/pass-transmission/PT-002/sample.md,04_EXECUTABLE_REFERENCE,1754,87879b4d6b43f29ca02dfb612a30ade266bc8d2c6d7e0c075ca7f30fd32e3d37
04_EXECUTABLE_REFERENCE/DealPME_V3_Release/pass-transmission/PT-002/standalone.html,04_EXECUTABLE_REFERENCE,152435,1b7df7eb36831350289fdcf0abce41d4195be5c19eed56d824203ac7afc05dc7
04_EXECUTABLE_REFERENCE/DealPME_V3_Release/pass-transmission/PT-002/styles.css,04_EXECUTABLE_REFERENCE,17126,6ec9d6aa72d6a068543f932f3cca0db5f86defde101f11d500a07e3762d3c777
04_EXECUTABLE_REFERENCE/DealPME_V3_Release/pass-transmission/PT-002/vdr-intelligence/README.md,04_EXECUTABLE_REFERENCE,328,6efc84f1b86f56ef715202529bb203bcb4b082c672d6440a402b4b59bac43e10
04_EXECUTABLE_REFERENCE/DealPME_V3_Release/pass-transmission/PT-002/vdr-intelligence/app.js,04_EXECUTABLE_REFERENCE,19993,efa2ee5d6c9bc713963a2738d8c9860671f932edb4ff2a0c6a8af615534d9bc3
04_EXECUTABLE_REFERENCE/DealPME_V3_Release/pass-transmission/PT-002/vdr-intelligence/data/embed.js,04_EXECUTABLE_REFERENCE,91109,2be053775c32d420e4b0c33cfd5c2a5da06a5ffc7dc339c849e6dfa6658026b0
04_EXECUTABLE_REFERENCE/DealPME_V3_Release/pass-transmission/PT-002/vdr-intelligence/index.html,04_EXECUTABLE_REFERENCE,330,ef56254bf26606e6d5e89f1dc39fd407eb2b06cb4f2d002f9d69505b59f4f55f
04_EXECUTABLE_REFERENCE/DealPME_V3_Release/pass-transmission/PT-002/vdr-intelligence/standalone.html,04_EXECUTABLE_REFERENCE,118004,446dcbcf9be7a0ada9cba1d5f9e3fcb8d14a0f93a8f834e9ee7b29df2459ec5b
04_EXECUTABLE_REFERENCE/DealPME_V3_Release/pass-transmission/PT-002/vdr-intelligence/styles.css,04_EXECUTABLE_REFERENCE,6631,d3242f29ba66fa596c3998732a70e45611f4d8ce58ed77beda1d961c57d9f6a0
04_EXECUTABLE_REFERENCE/DealPME_V3_Release/pass-transmission/PT-003/DEV_INDEX.md,04_EXECUTABLE_REFERENCE,1110,7a9ba2600cfa9565dcf0ab3939c73e557f4cc7f1170bd37886819c309c3db5d6
04_EXECUTABLE_REFERENCE/DealPME_V3_Release/pass-transmission/PT-003/app.js,04_EXECUTABLE_REFERENCE,36112,b28b6e3485ce03f16ff406c630a234cfc94df19ee672459ff4d4b5da19b13d01
04_EXECUTABLE_REFERENCE/DealPME_V3_Release/pass-transmission/PT-003/assets/dealpme-logo.jpg,04_EXECUTABLE_REFERENCE,16596,14e96ab26c9d691bb9a34716f8006869e12f6e99e6778a98967280fcb83dacc8
04_EXECUTABLE_REFERENCE/DealPME_V3_Release/pass-transmission/PT-003/data/access-matrix.json,04_EXECUTABLE_REFERENCE,2407,dacab76de87c7916d55bb282a9950fce09e053ec72bce326f251c62af4a22367
04_EXECUTABLE_REFERENCE/DealPME_V3_Release/pass-transmission/PT-003/data/deallens-policy.json,04_EXECUTABLE_REFERENCE,645,95f9cf0f030fa4ae5678a4e2031f6bca577818c76245d70acc01d5c0d5e795c1
04_EXECUTABLE_REFERENCE/DealPME_V3_Release/pass-transmission/PT-003/data/diligence-coverage.json,04_EXECUTABLE_REFERENCE,2152,e125c88caa7ee7d5d97d6dc18b0b744ca6da34c2547beced087f8e7d36ef8fb8
04_EXECUTABLE_REFERENCE/DealPME_V3_Release/pass-transmission/PT-003/data/document-intelligence.json,04_EXECUTABLE_REFERENCE,41214,2ed6238475f63dad679ef554de1b29fda84191cebf8ceb96ed23a01a23e074f5
04_EXECUTABLE_REFERENCE/DealPME_V3_Release/pass-transmission/PT-003/data/documents/DOC-AST-001.md,04_EXECUTABLE_REFERENCE,616,6a7b349c4db53d7b10552e1fd37ace1e51d0e787447bd4a0dbe49664ef5b108f
04_EXECUTABLE_REFERENCE/DealPME_V3_Release/pass-transmission/PT-003/data/documents/DOC-AST-002.md,04_EXECUTABLE_REFERENCE,588,236132ab18fc6170189463d5c3bf060ce531eb805eb570c86d4b56c2ffe9442c
04_EXECUTABLE_REFERENCE/DealPME_V3_Release/pass-transmission/PT-003/data/documents/DOC-AST-003.md,04_EXECUTABLE_REFERENCE,553,ddb6321387110484ad91ba94ae31ec2a76ff9a9611ab7e06131b88d087c945d2
04_EXECUTABLE_REFERENCE/DealPME_V3_Release/pass-transmission/PT-003/data/documents/DOC-COM-001.md,04_EXECUTABLE_REFERENCE,566,6d368f2abc2ff9ac57f92b16b94397e92372bb65fecc505da62d5ba4c32f74f5
04_EXECUTABLE_REFERENCE/DealPME_V3_Release/pass-transmission/PT-003/data/documents/DOC-COM-002.md,04_EXECUTABLE_REFERENCE,655,eba3190e81e9f8333a39f4484a112b9e208f98535fec11dc20f00cd7de683460
04_EXECUTABLE_REFERENCE/DealPME_V3_Release/pass-transmission/PT-003/data/documents/DOC-COR-001.md,04_EXECUTABLE_REFERENCE,601,8c5ee7c81605eb9858c16b2f593b78ec12fdb10b6b925c04a06b8af5d345f6bb
04_EXECUTABLE_REFERENCE/DealPME_V3_Release/pass-transmission/PT-003/data/documents/DOC-COR-002.md,04_EXECUTABLE_REFERENCE,644,25f4d3585c9248cfd05bf921f39812f88d4825df443895669ced4d44fba934bc
04_EXECUTABLE_REFERENCE/DealPME_V3_Release/pass-transmission/PT-003/data/documents/DOC-COR-003.md,04_EXECUTABLE_REFERENCE,595,00d97c374fed1b8b8a422337efc32f767ac961bb4cc5bc960cc221b242674254
04_EXECUTABLE_REFERENCE/DealPME_V3_Release/pass-transmission/PT-003/data/documents/DOC-EQT-001.md,04_EXECUTABLE_REFERENCE,624,8eb1c00f2b10b15d2c97496a3388058d5646e790438e5a2bd5c8c81d72080bb9
04_EXECUTABLE_REFERENCE/DealPME_V3_Release/pass-transmission/PT-003/data/documents/DOC-EQT-002.md,04_EXECUTABLE_REFERENCE,630,bbc187a60cb015fcb41b3c323a3945857e8de3d05e5d640ecfb727f2859a208b
04_EXECUTABLE_REFERENCE/DealPME_V3_Release/pass-transmission/PT-003/data/documents/DOC-FIN-001.md,04_EXECUTABLE_REFERENCE,578,443e914041f47b8a871ec579c2bdbaa2af5e6189f83bfae46d77a58f3fae46d1
04_EXECUTABLE_REFERENCE/DealPME_V3_Release/pass-transmission/PT-003/data/documents/DOC-FIN-002.md,04_EXECUTABLE_REFERENCE,530,0108f681a2071162fd4e194f274d9651ff1158e96f08dd9b74f19125d1849a3f
04_EXECUTABLE_REFERENCE/DealPME_V3_Release/pass-transmission/PT-003/data/documents/DOC-FIN-003.md,04_EXECUTABLE_REFERENCE,594,82f9547e5ed31743766ab424bd8a79ab7d1ce48d3c2d1d5c23ad63b840773379
04_EXECUTABLE_REFERENCE/DealPME_V3_Release/pass-transmission/PT-003/data/documents/DOC-FIN-004.md,04_EXECUTABLE_REFERENCE,562,e95c4a2b8f3189c06e7469c0eaa00e3cc99cdf02cdc8a4b16e802f7a0d9b05aa
04_EXECUTABLE_REFERENCE/DealPME_V3_Release/pass-transmission/PT-003/data/documents/DOC-FIN-005.md,04_EXECUTABLE_REFERENCE,617,2dc50fe1ff4e340980239bd689474b8b80ce43ab4c4e60484a624e4a24da1ac0
04_EXECUTABLE_REFERENCE/DealPME_V3_Release/pass-transmission/PT-003/data/documents/DOC-FIN-006.md,04_EXECUTABLE_REFERENCE,604,33426c067092c2b8fb7cdbc26bdb95267d2f6dce79b34eb48555668e94170da6
04_EXECUTABLE_REFERENCE/DealPME_V3_Release/pass-transmission/PT-003/data/documents/DOC-HR-001.md,04_EXECUTABLE_REFERENCE,606,81574af58e415f38f440048b34f95c3d38874cf5e5e63714b645ad48fdb1e7d0
04_EXECUTABLE_REFERENCE/DealPME_V3_Release/pass-transmission/PT-003/data/documents/DOC-HR-002.md,04_EXECUTABLE_REFERENCE,602,0697024c3ea651d8cab753558a49c20e9d0078eb3c1d9401ac1bee7916b2062d
04_EXECUTABLE_REFERENCE/DealPME_V3_Release/pass-transmission/PT-003/data/documents/DOC-OPS-003.md,04_EXECUTABLE_REFERENCE,610,6e86ee056c078da27075543c4af0508b2548e04de35d1ca963f99a10edb1603a
04_EXECUTABLE_REFERENCE/DealPME_V3_Release/pass-transmission/PT-003/data/documents/DOC-REG-001.md,04_EXECUTABLE_REFERENCE,598,e1d87f5d36a2d0b87a7e9cabf248793af20f24859affa40e9bcbb9657333fd1c
04_EXECUTABLE_REFERENCE/DealPME_V3_Release/pass-transmission/PT-003/data/documents/DOC-REG-002.md,04_EXECUTABLE_REFERENCE,581,dd045a47e3885c3350218774780fc72b31e63129bd80727b6f321e4ef278798b
04_EXECUTABLE_REFERENCE/DealPME_V3_Release/pass-transmission/PT-003/data/documents/DOC-SUP-001.md,04_EXECUTABLE_REFERENCE,617,b8edb5d518c76ace28a91c8aeba3d87f0574ee6f952c945c30159bef6c1f6b80
04_EXECUTABLE_REFERENCE/DealPME_V3_Release/pass-transmission/PT-003/data/documents/DOC-SUP-002.md,04_EXECUTABLE_REFERENCE,581,377871ca136d9a6f7e2ce8990063063db90eaff23f2985f7fbb31dcbf0c5352f
04_EXECUTABLE_REFERENCE/DealPME_V3_Release/pass-transmission/PT-003/data/documents/DOC-TAX-001.md,04_EXECUTABLE_REFERENCE,610,a47c338dc7f95fdbf3e09a9a02b78f2db649c56a0793bbb0364f582c9a3923a3
04_EXECUTABLE_REFERENCE/DealPME_V3_Release/pass-transmission/PT-003/data/documents/DOC-TAX-002.md,04_EXECUTABLE_REFERENCE,580,1d8d60012f223599ad05477c19478a55985669c4ae35148ad99244d53de165b7
04_EXECUTABLE_REFERENCE/DealPME_V3_Release/pass-transmission/PT-003/data/documents/DOC-TRX-001.md,04_EXECUTABLE_REFERENCE,623,4f4bd75310459433448aef704c2f8aa61ca390d0395cbadb903f31fe08c5ea03
04_EXECUTABLE_REFERENCE/DealPME_V3_Release/pass-transmission/PT-003/data/documents/DOC-TRX-002.md,04_EXECUTABLE_REFERENCE,568,9eab403966b07df2d7e9cbb7bbda81e9ecd35b6c771f7c1d22bda6195d73344f
04_EXECUTABLE_REFERENCE/DealPME_V3_Release/pass-transmission/PT-003/data/documents/DOC-TRX-003.md,04_EXECUTABLE_REFERENCE,610,e83869b28e1c0c8d9b9d1c526c52ebcf2b338c434eda780cc3e1f80e1dd50c04
04_EXECUTABLE_REFERENCE/DealPME_V3_Release/pass-transmission/PT-003/data/documents.json,04_EXECUTABLE_REFERENCE,18744,871e017227cbcdaa82d501dd0043d9f306e71e3437a9510c9d3aae49ab600c38
04_EXECUTABLE_REFERENCE/DealPME_V3_Release/pass-transmission/PT-003/data/embed.js,04_EXECUTABLE_REFERENCE,99473,a031dc2014f128aa360c5999842712f79f2c213ab119fc0ee7ee2f16e58c3c72
04_EXECUTABLE_REFERENCE/DealPME_V3_Release/pass-transmission/PT-003/data/engagement-pulse.json,04_EXECUTABLE_REFERENCE,999,7f2e04baa993dbfa05ce93e64cc5b61049012051791111ebd43434b80e162ef8
04_EXECUTABLE_REFERENCE/DealPME_V3_Release/pass-transmission/PT-003/data/evidence-map.json,04_EXECUTABLE_REFERENCE,10074,a0d9fdb3824338505fd9a124974bfa7f89b1e9219b3b7b1c3791cee09414fb88
04_EXECUTABLE_REFERENCE/DealPME_V3_Release/pass-transmission/PT-003/data/financial-tieout.json,04_EXECUTABLE_REFERENCE,1076,3363c9c3796f1f9d3bce7b4eb848e468b3bfd400a68b781f8bfb576026369234
04_EXECUTABLE_REFERENCE/DealPME_V3_Release/pass-transmission/PT-003/data/fixture.v3.json,04_EXECUTABLE_REFERENCE,62755,9fd113ecac312b949dedbf7068a9587caaf7692da011c6d726affb1be326d422
04_EXECUTABLE_REFERENCE/DealPME_V3_Release/pass-transmission/PT-003/data/interaction-contract.json,04_EXECUTABLE_REFERENCE,11729,7b5aa0b0b735b91b792c1df4825e0c3d7ed6124fc411219e1737c39d2d30b482
04_EXECUTABLE_REFERENCE/DealPME_V3_Release/pass-transmission/PT-003/data/interaction-contract.vdr.json,04_EXECUTABLE_REFERENCE,12681,e6ef13aead5d37fb34b21f452b561304853382714161054d321c255bed896622
04_EXECUTABLE_REFERENCE/DealPME_V3_Release/pass-transmission/PT-003/data/q-and-a.json,04_EXECUTABLE_REFERENCE,5317,27e0b069dd285a2e0b2020634edc2cdeab8a36f54cbf62be46eac99b95708682
04_EXECUTABLE_REFERENCE/DealPME_V3_Release/pass-transmission/PT-003/data/redaction-proposals.json,04_EXECUTABLE_REFERENCE,646,dc58c84bf8d85125818ff6e99f755ed39e0bcaedecba86d213bf14765fcb656d
04_EXECUTABLE_REFERENCE/DealPME_V3_Release/pass-transmission/PT-003/data/risks.json,04_EXECUTABLE_REFERENCE,5451,51402557783cf279b39291fa0af395b23c7180f2f7786592d7abab2415c994ce
04_EXECUTABLE_REFERENCE/DealPME_V3_Release/pass-transmission/PT-003/data/vdr-intelligence-fixture.json,04_EXECUTABLE_REFERENCE,109260,d7c402dd8fd0c27de91c0044f37e8455935618168baa2513582fbd73873797c3
04_EXECUTABLE_REFERENCE/DealPME_V3_Release/pass-transmission/PT-003/data/version-intelligence.json,04_EXECUTABLE_REFERENCE,670,a896483e0351fe02c16988f647169a828a4c9cb5cd3ac117bc614bfecd2647bf
04_EXECUTABLE_REFERENCE/DealPME_V3_Release/pass-transmission/PT-003/index.html,04_EXECUTABLE_REFERENCE,360,ce20a2c16912b0b673be3a8e92a6d735176b8db8f6f41b051cc3c0a2a4ecbad9
04_EXECUTABLE_REFERENCE/DealPME_V3_Release/pass-transmission/PT-003/sample.md,04_EXECUTABLE_REFERENCE,1796,881b003c451280c7a3bce089253991b76a4acbe268baecb35c8cbaf38f800248
04_EXECUTABLE_REFERENCE/DealPME_V3_Release/pass-transmission/PT-003/standalone.html,04_EXECUTABLE_REFERENCE,153023,2da9af602688d481e052880242c30e4660d8bf528e3bd2658c224b1d3dc20799
04_EXECUTABLE_REFERENCE/DealPME_V3_Release/pass-transmission/PT-003/styles.css,04_EXECUTABLE_REFERENCE,17126,6ec9d6aa72d6a068543f932f3cca0db5f86defde101f11d500a07e3762d3c777
04_EXECUTABLE_REFERENCE/DealPME_V3_Release/pass-transmission/PT-003/vdr-intelligence/README.md,04_EXECUTABLE_REFERENCE,329,0b54dd45d02ef58f0dd23c04faf51fae57e35b2af180c6198d5ff593b21364ac
04_EXECUTABLE_REFERENCE/DealPME_V3_Release/pass-transmission/PT-003/vdr-intelligence/app.js,04_EXECUTABLE_REFERENCE,19993,efa2ee5d6c9bc713963a2738d8c9860671f932edb4ff2a0c6a8af615534d9bc3
04_EXECUTABLE_REFERENCE/DealPME_V3_Release/pass-transmission/PT-003/vdr-intelligence/data/embed.js,04_EXECUTABLE_REFERENCE,91429,a17a66f6008cfe5d5b00f521722a4ef6359c9362b014467c4d55723246c3a9d2
04_EXECUTABLE_REFERENCE/DealPME_V3_Release/pass-transmission/PT-003/vdr-intelligence/index.html,04_EXECUTABLE_REFERENCE,330,ef56254bf26606e6d5e89f1dc39fd407eb2b06cb4f2d002f9d69505b59f4f55f
04_EXECUTABLE_REFERENCE/DealPME_V3_Release/pass-transmission/PT-003/vdr-intelligence/standalone.html,04_EXECUTABLE_REFERENCE,118324,e7155e1c0ed95b74a41510c8f9ffceae15f595ecd82f7ec9c8c2fa74e4a44bcd
04_EXECUTABLE_REFERENCE/DealPME_V3_Release/pass-transmission/PT-003/vdr-intelligence/styles.css,04_EXECUTABLE_REFERENCE,6631,d3242f29ba66fa596c3998732a70e45611f4d8ce58ed77beda1d961c57d9f6a0
04_EXECUTABLE_REFERENCE/DealPME_V3_Release/pass-transmission/PT-004/DEV_INDEX.md,04_EXECUTABLE_REFERENCE,1110,1572e912f4efaf5519be493854c5ea2f7624059fffb8bbec89efbb653fe3ed6e
04_EXECUTABLE_REFERENCE/DealPME_V3_Release/pass-transmission/PT-004/app.js,04_EXECUTABLE_REFERENCE,36112,b28b6e3485ce03f16ff406c630a234cfc94df19ee672459ff4d4b5da19b13d01
04_EXECUTABLE_REFERENCE/DealPME_V3_Release/pass-transmission/PT-004/assets/dealpme-logo.jpg,04_EXECUTABLE_REFERENCE,16596,14e96ab26c9d691bb9a34716f8006869e12f6e99e6778a98967280fcb83dacc8
04_EXECUTABLE_REFERENCE/DealPME_V3_Release/pass-transmission/PT-004/data/access-matrix.json,04_EXECUTABLE_REFERENCE,2407,a0c150e20509ebcc5aa896bd32c41919a1df5ae7c22854f9384ef032b3043976
04_EXECUTABLE_REFERENCE/DealPME_V3_Release/pass-transmission/PT-004/data/deallens-policy.json,04_EXECUTABLE_REFERENCE,645,0b60005ffb58c890a2ce6a86a84ed6752386e84f351c3962ee4b04fad878f1d9
04_EXECUTABLE_REFERENCE/DealPME_V3_Release/pass-transmission/PT-004/data/diligence-coverage.json,04_EXECUTABLE_REFERENCE,2152,e0680d1377e0d24db2c17da3cb77a5f923a609ba006716fdc000929f65d87291
04_EXECUTABLE_REFERENCE/DealPME_V3_Release/pass-transmission/PT-004/data/document-intelligence.json,04_EXECUTABLE_REFERENCE,41141,5deea530f63c425b29b2c3e56b88c8b534d0f212d9e7b43d1f8f43e9680208f4
04_EXECUTABLE_REFERENCE/DealPME_V3_Release/pass-transmission/PT-004/data/documents/DOC-AST-001.md,04_EXECUTABLE_REFERENCE,601,68d725ea5ae9d4abae79adc53ae5f1b40328a3641b0b6ad8bf88874872ec41a8
04_EXECUTABLE_REFERENCE/DealPME_V3_Release/pass-transmission/PT-004/data/documents/DOC-AST-002.md,04_EXECUTABLE_REFERENCE,582,54601c3e96bcd8551af0d3595dd3abbbc11f295ec113f96f9073ea1713125e80
04_EXECUTABLE_REFERENCE/DealPME_V3_Release/pass-transmission/PT-004/data/documents/DOC-AST-003.md,04_EXECUTABLE_REFERENCE,547,20b477c3975c2f33b56b775d869f605ddef242241fad6bfe158bc15f07c46cb9
04_EXECUTABLE_REFERENCE/DealPME_V3_Release/pass-transmission/PT-004/data/documents/DOC-COM-001.md,04_EXECUTABLE_REFERENCE,560,e8b4ba90ccfe616ad5c72e73b61ad19313555d43c0f73895f334dffae7159032
04_EXECUTABLE_REFERENCE/DealPME_V3_Release/pass-transmission/PT-004/data/documents/DOC-COM-002.md,04_EXECUTABLE_REFERENCE,640,cbf049e4aa9488a1c859ab25407a29cf4e30f9d5c52a4d93bfd4c11e6ce48839
04_EXECUTABLE_REFERENCE/DealPME_V3_Release/pass-transmission/PT-004/data/documents/DOC-COR-001.md,04_EXECUTABLE_REFERENCE,578,1c4d7be670e5d0e75135d518e008a036e1070f1eadc9d7e92d6f017e97610c3b
04_EXECUTABLE_REFERENCE/DealPME_V3_Release/pass-transmission/PT-004/data/documents/DOC-COR-002.md,04_EXECUTABLE_REFERENCE,623,115e912451f7238aad73188e8b83901938c227cdbff47d35168f00c65e50fed0
04_EXECUTABLE_REFERENCE/DealPME_V3_Release/pass-transmission/PT-004/data/documents/DOC-COR-003.md,04_EXECUTABLE_REFERENCE,589,e424a184756fc150e584665ff564c341abce64d22f78bf8328bc51a24c03f4d8
04_EXECUTABLE_REFERENCE/DealPME_V3_Release/pass-transmission/PT-004/data/documents/DOC-EQT-001.md,04_EXECUTABLE_REFERENCE,581,e923bfbbb47c005fd0f17e4dbb5dc5cfd10dbdb1d49bbe58f320438488558d5f
04_EXECUTABLE_REFERENCE/DealPME_V3_Release/pass-transmission/PT-004/data/documents/DOC-EQT-002.md,04_EXECUTABLE_REFERENCE,624,7c7cb65b2cfb8a35c08ebfe8eccd11fdc4ae8f62bec8cc7b2befcefab671474c
04_EXECUTABLE_REFERENCE/DealPME_V3_Release/pass-transmission/PT-004/data/documents/DOC-FIN-001.md,04_EXECUTABLE_REFERENCE,572,14fd0ec45dda2b25cab211d4b6b085de1bbaa603ba7b689250c4c749f5de3058
04_EXECUTABLE_REFERENCE/DealPME_V3_Release/pass-transmission/PT-004/data/documents/DOC-FIN-002.md,04_EXECUTABLE_REFERENCE,524,78ce93dcd8310a263d9b4f64a5413b0f90e54e00aaef27702074567bba086611
04_EXECUTABLE_REFERENCE/DealPME_V3_Release/pass-transmission/PT-004/data/documents/DOC-FIN-003.md,04_EXECUTABLE_REFERENCE,588,33c567454ca78801961f8d5739cd54a7db1522e9a0054f11905ec0068104807c
04_EXECUTABLE_REFERENCE/DealPME_V3_Release/pass-transmission/PT-004/data/documents/DOC-FIN-004.md,04_EXECUTABLE_REFERENCE,556,9a27d35330ae09fe21d0d3b91e58cf3c2418c80a586ef9f1990b966c84279fad
04_EXECUTABLE_REFERENCE/DealPME_V3_Release/pass-transmission/PT-004/data/documents/DOC-FIN-005.md,04_EXECUTABLE_REFERENCE,610,bf38d672c707c16dca8bd291848a6551103f38dbbaa66831d0fc950931955e9b
04_EXECUTABLE_REFERENCE/DealPME_V3_Release/pass-transmission/PT-004/data/documents/DOC-FIN-006.md,04_EXECUTABLE_REFERENCE,589,0504cfa6ded6aca9b1bf4d1b64861ba3b041fa91eb3964a7cd02b5c868c12a54
04_EXECUTABLE_REFERENCE/DealPME_V3_Release/pass-transmission/PT-004/data/documents/DOC-HR-001.md,04_EXECUTABLE_REFERENCE,600,57a2da37c124050bc2cc8663bec4fe9fa939879fb20fcd297812d45f4396971b
04_EXECUTABLE_REFERENCE/DealPME_V3_Release/pass-transmission/PT-004/data/documents/DOC-HR-002.md,04_EXECUTABLE_REFERENCE,597,82d676c6837d1e793e477fedb155282ccabb052d3101cf813269b791c3e85144
04_EXECUTABLE_REFERENCE/DealPME_V3_Release/pass-transmission/PT-004/data/documents/DOC-OPS-003.md,04_EXECUTABLE_REFERENCE,598,d37feb5a2ac45c9225d4c5536899c2a5317d5b49766ed9dc005b7c198512886a
04_EXECUTABLE_REFERENCE/DealPME_V3_Release/pass-transmission/PT-004/data/documents/DOC-REG-001.md,04_EXECUTABLE_REFERENCE,583,498114eb4b975c35bbf97d9f768e42973aa9817e61064bc252cd566cc3e70abd
04_EXECUTABLE_REFERENCE/DealPME_V3_Release/pass-transmission/PT-004/data/documents/DOC-REG-002.md,04_EXECUTABLE_REFERENCE,575,1039a3e1a6ff4a3795a590fcabb22ae98dd30d76ada4fe81be2b53e5002a6e8f
04_EXECUTABLE_REFERENCE/DealPME_V3_Release/pass-transmission/PT-004/data/documents/DOC-SUP-001.md,04_EXECUTABLE_REFERENCE,605,a6cc04317a761435227d94a1449cb8aaee54d67234171328e69038a51879348f
04_EXECUTABLE_REFERENCE/DealPME_V3_Release/pass-transmission/PT-004/data/documents/DOC-SUP-002.md,04_EXECUTABLE_REFERENCE,575,263c98fbedfebcdcc04440214c677a3ff1516d487e23e0ab29c268266b8e072d
04_EXECUTABLE_REFERENCE/DealPME_V3_Release/pass-transmission/PT-004/data/documents/DOC-TAX-001.md,04_EXECUTABLE_REFERENCE,604,1f95cef43b714931b431871f27d170ec73ba0a58b0f663fce4b898e564e67733
04_EXECUTABLE_REFERENCE/DealPME_V3_Release/pass-transmission/PT-004/data/documents/DOC-TAX-002.md,04_EXECUTABLE_REFERENCE,574,fcfc4ce44346ee187a34dbeaab606b88bff19d4fb5e916d856d5fbbb17ed4729
04_EXECUTABLE_REFERENCE/DealPME_V3_Release/pass-transmission/PT-004/data/documents/DOC-TRX-001.md,04_EXECUTABLE_REFERENCE,617,8aa02aefe1957af4d4796dadc82c1ce362b3dda238b3ae1544aa944372c0c18d
04_EXECUTABLE_REFERENCE/DealPME_V3_Release/pass-transmission/PT-004/data/documents/DOC-TRX-002.md,04_EXECUTABLE_REFERENCE,563,db0f412ba471538448a59639a6a8ccbf1d1a52efcb5ede9c8e75d96c82258ac1
04_EXECUTABLE_REFERENCE/DealPME_V3_Release/pass-transmission/PT-004/data/documents/DOC-TRX-003.md,04_EXECUTABLE_REFERENCE,604,ba128216e0ffd9dbb191b6af18638424f5324724f04540d09efcda5ca9ccd598
04_EXECUTABLE_REFERENCE/DealPME_V3_Release/pass-transmission/PT-004/data/documents.json,04_EXECUTABLE_REFERENCE,18628,3a6a17ef1b5dd3b6dc58a76a738f3f4fb93608c4b236005056518956e048df3e
04_EXECUTABLE_REFERENCE/DealPME_V3_Release/pass-transmission/PT-004/data/embed.js,04_EXECUTABLE_REFERENCE,98679,074363f775b0861c40f9bacb1b6428ffca87c15679066c173f9b3aa4c4f9330c
04_EXECUTABLE_REFERENCE/DealPME_V3_Release/pass-transmission/PT-004/data/engagement-pulse.json,04_EXECUTABLE_REFERENCE,999,69c78c4b8e7e889dffb4cfe277d76aaf89c94a10741b2b5e49cf2ca9a5599cd6
04_EXECUTABLE_REFERENCE/DealPME_V3_Release/pass-transmission/PT-004/data/evidence-map.json,04_EXECUTABLE_REFERENCE,10096,d0cee03110d80e3ac5384e6135b68c6a9c79be88c101390be8f07445f20b49ca
04_EXECUTABLE_REFERENCE/DealPME_V3_Release/pass-transmission/PT-004/data/financial-tieout.json,04_EXECUTABLE_REFERENCE,1074,b7f9bf0c2dbba5f27083e6e15b40d9f6178b7ec2b683a578c41f72dbc2bebf43
04_EXECUTABLE_REFERENCE/DealPME_V3_Release/pass-transmission/PT-004/data/fixture.v3.json,04_EXECUTABLE_REFERENCE,62334,0fc34ce34a3040a50cf8b1e3436e894a669d72e4a0b8b71fdf1d51ce141d22a8
04_EXECUTABLE_REFERENCE/DealPME_V3_Release/pass-transmission/PT-004/data/interaction-contract.json,04_EXECUTABLE_REFERENCE,11729,a3027c1986b181ef81c31bc400ac86700eb3e39f5f9ef280126c1d623429f52c
04_EXECUTABLE_REFERENCE/DealPME_V3_Release/pass-transmission/PT-004/data/interaction-contract.vdr.json,04_EXECUTABLE_REFERENCE,12681,27598b7bce055e5f11da2154cc5656c9f1ed7f6169b791b5b0ab7b6efe53aa49
04_EXECUTABLE_REFERENCE/DealPME_V3_Release/pass-transmission/PT-004/data/q-and-a.json,04_EXECUTABLE_REFERENCE,5317,27e0b069dd285a2e0b2020634edc2cdeab8a36f54cbf62be46eac99b95708682
04_EXECUTABLE_REFERENCE/DealPME_V3_Release/pass-transmission/PT-004/data/redaction-proposals.json,04_EXECUTABLE_REFERENCE,646,4c5e44fe4f89375ea9d044561d3b331ba52fa7f3b2ee95be07d5ad943f30a768
04_EXECUTABLE_REFERENCE/DealPME_V3_Release/pass-transmission/PT-004/data/risks.json,04_EXECUTABLE_REFERENCE,5452,c6f08c3453dfd360cd8bd89db40f30f809122ec72fb0972d2ced30e2898f3302
04_EXECUTABLE_REFERENCE/DealPME_V3_Release/pass-transmission/PT-004/data/vdr-intelligence-fixture.json,04_EXECUTABLE_REFERENCE,109092,a9cf946af28d07a9bf39d71d28b12196587b2fc39af3e343d690be1439f9e9d6
04_EXECUTABLE_REFERENCE/DealPME_V3_Release/pass-transmission/PT-004/data/version-intelligence.json,04_EXECUTABLE_REFERENCE,670,870d243a83a51c1324c9a5bcae96fdfe9e9a7793145567a5ca6bd99eee6f6043
04_EXECUTABLE_REFERENCE/DealPME_V3_Release/pass-transmission/PT-004/index.html,04_EXECUTABLE_REFERENCE,360,5aad469d07a2278ba8c0356f25ad746d880f49a7f2155b1ec7cf476e7e55d614
04_EXECUTABLE_REFERENCE/DealPME_V3_Release/pass-transmission/PT-004/sample.md,04_EXECUTABLE_REFERENCE,1735,727d4d23a839bd018a0fb1bac016d318b32136f24d787ad4779dbb4bbf8356e1
04_EXECUTABLE_REFERENCE/DealPME_V3_Release/pass-transmission/PT-004/standalone.html,04_EXECUTABLE_REFERENCE,152229,3f60bd6f7cdab46df1e57863c1812ce6e057c40994c3f1a2b324fd4fa073d557
04_EXECUTABLE_REFERENCE/DealPME_V3_Release/pass-transmission/PT-004/styles.css,04_EXECUTABLE_REFERENCE,17126,6ec9d6aa72d6a068543f932f3cca0db5f86defde101f11d500a07e3762d3c777
04_EXECUTABLE_REFERENCE/DealPME_V3_Release/pass-transmission/PT-004/vdr-intelligence/README.md,04_EXECUTABLE_REFERENCE,323,a1476fff894e55c4b3f69995a8876e13f6184dd8389df617e50f287ca0f6d884
04_EXECUTABLE_REFERENCE/DealPME_V3_Release/pass-transmission/PT-004/vdr-intelligence/app.js,04_EXECUTABLE_REFERENCE,19993,efa2ee5d6c9bc713963a2738d8c9860671f932edb4ff2a0c6a8af615534d9bc3
04_EXECUTABLE_REFERENCE/DealPME_V3_Release/pass-transmission/PT-004/vdr-intelligence/data/embed.js,04_EXECUTABLE_REFERENCE,90890,b98a1ec2fdc4f0511bce1a614b9bf52f7835b39a4d10f859d7cd94f9eff5725c
04_EXECUTABLE_REFERENCE/DealPME_V3_Release/pass-transmission/PT-004/vdr-intelligence/index.html,04_EXECUTABLE_REFERENCE,330,ef56254bf26606e6d5e89f1dc39fd407eb2b06cb4f2d002f9d69505b59f4f55f
04_EXECUTABLE_REFERENCE/DealPME_V3_Release/pass-transmission/PT-004/vdr-intelligence/standalone.html,04_EXECUTABLE_REFERENCE,117785,8b3f7e26513a43545fb2277f1e1ba48253ce92e98f77e41b63587a6c98a51cf6
04_EXECUTABLE_REFERENCE/DealPME_V3_Release/pass-transmission/PT-004/vdr-intelligence/styles.css,04_EXECUTABLE_REFERENCE,6631,d3242f29ba66fa596c3998732a70e45611f4d8ce58ed77beda1d961c57d9f6a0
04_EXECUTABLE_REFERENCE/DealPME_V3_Release/pass-transmission/PT-005/DEV_INDEX.md,04_EXECUTABLE_REFERENCE,1110,579028a67364c5276d573381bfc15e1ebf3c62df0e15a508aedff90c17987c41
04_EXECUTABLE_REFERENCE/DealPME_V3_Release/pass-transmission/PT-005/app.js,04_EXECUTABLE_REFERENCE,36112,b28b6e3485ce03f16ff406c630a234cfc94df19ee672459ff4d4b5da19b13d01
04_EXECUTABLE_REFERENCE/DealPME_V3_Release/pass-transmission/PT-005/assets/dealpme-logo.jpg,04_EXECUTABLE_REFERENCE,16596,14e96ab26c9d691bb9a34716f8006869e12f6e99e6778a98967280fcb83dacc8
04_EXECUTABLE_REFERENCE/DealPME_V3_Release/pass-transmission/PT-005/data/access-matrix.json,04_EXECUTABLE_REFERENCE,2407,21e4f95ab9fc352675fca5026fbba5a50ad54dc7d7f38316a045244bee59a9a1
04_EXECUTABLE_REFERENCE/DealPME_V3_Release/pass-transmission/PT-005/data/deallens-policy.json,04_EXECUTABLE_REFERENCE,645,0a8ceda0dc72cd9d4920046c9271d5d0939f31c806cefb706721b3ab6c750667
04_EXECUTABLE_REFERENCE/DealPME_V3_Release/pass-transmission/PT-005/data/diligence-coverage.json,04_EXECUTABLE_REFERENCE,2152,77a4adf58b7dca519776d31db9ff682fb1fb000fa9926f8d080ee1753656427d
04_EXECUTABLE_REFERENCE/DealPME_V3_Release/pass-transmission/PT-005/data/document-intelligence.json,04_EXECUTABLE_REFERENCE,41094,9b0c4af140db8901932a1a715443344797d35353a2b7652a02bbb37f8a3fd61b
04_EXECUTABLE_REFERENCE/DealPME_V3_Release/pass-transmission/PT-005/data/documents/DOC-AST-001.md,04_EXECUTABLE_REFERENCE,594,ff9adbd2a84922b0daad98ad165a33b6bf34da67220e5021ebae8ab9ad9bb4e2
04_EXECUTABLE_REFERENCE/DealPME_V3_Release/pass-transmission/PT-005/data/documents/DOC-AST-002.md,04_EXECUTABLE_REFERENCE,582,2f374a5140e210e2bacd5c50be1c2a690ba52338e633be3c1a86c0b754602b0a
04_EXECUTABLE_REFERENCE/DealPME_V3_Release/pass-transmission/PT-005/data/documents/DOC-AST-003.md,04_EXECUTABLE_REFERENCE,546,cec91761cfbbf5ddd3c8200d9fbabc744dc1a208391e35ad7c97db63b925951b
04_EXECUTABLE_REFERENCE/DealPME_V3_Release/pass-transmission/PT-005/data/documents/DOC-COM-001.md,04_EXECUTABLE_REFERENCE,560,c2a202265d47607392c0caace85fa2e7266b8e639c877e0e5487f3cfd682bf12
04_EXECUTABLE_REFERENCE/DealPME_V3_Release/pass-transmission/PT-005/data/documents/DOC-COM-002.md,04_EXECUTABLE_REFERENCE,633,41392ab3eecce7171fd741dc1c56d5386210d27a68d1c8e791a10d6aef1924b6
04_EXECUTABLE_REFERENCE/DealPME_V3_Release/pass-transmission/PT-005/data/documents/DOC-COR-001.md,04_EXECUTABLE_REFERENCE,578,57dd23c00056fbd218fe2789020b7f10dfe78314fa827c26df7b92f610d04888
04_EXECUTABLE_REFERENCE/DealPME_V3_Release/pass-transmission/PT-005/data/documents/DOC-COR-002.md,04_EXECUTABLE_REFERENCE,616,fcb18a70926e2c5d072bacb694cbdca4e51327cd2e116d458a2603e29679deff
04_EXECUTABLE_REFERENCE/DealPME_V3_Release/pass-transmission/PT-005/data/documents/DOC-COR-003.md,04_EXECUTABLE_REFERENCE,589,cfac4b5158b8a93ae3c25df260f9fbb23611727bd7c3246c021bdc95b2e227ab
04_EXECUTABLE_REFERENCE/DealPME_V3_Release/pass-transmission/PT-005/data/documents/DOC-EQT-001.md,04_EXECUTABLE_REFERENCE,582,cfa1d0d674b26d2f83b9b1fde9705b1f6bb4911ea95bbe16e892563be0c2f792
04_EXECUTABLE_REFERENCE/DealPME_V3_Release/pass-transmission/PT-005/data/documents/DOC-EQT-002.md,04_EXECUTABLE_REFERENCE,624,3217c84f631cec73f56890114d4a72c817601a2d33ec7a681ca2fb922a988f32
04_EXECUTABLE_REFERENCE/DealPME_V3_Release/pass-transmission/PT-005/data/documents/DOC-FIN-001.md,04_EXECUTABLE_REFERENCE,570,3cc378c1ef8f428193fa2c6e6c9eee36a4f77908fe4cb074412259da0aa4c1aa
04_EXECUTABLE_REFERENCE/DealPME_V3_Release/pass-transmission/PT-005/data/documents/DOC-FIN-002.md,04_EXECUTABLE_REFERENCE,522,ae8aac915e444c657d6dfc5fefacef8f1bbc147081e3cd9bba62ac28881926a8
04_EXECUTABLE_REFERENCE/DealPME_V3_Release/pass-transmission/PT-005/data/documents/DOC-FIN-003.md,04_EXECUTABLE_REFERENCE,588,a53c9a2d43c8d50deffffe0e0083ae805ca578014968bc4a8b1777e9fbfb2cca
04_EXECUTABLE_REFERENCE/DealPME_V3_Release/pass-transmission/PT-005/data/documents/DOC-FIN-004.md,04_EXECUTABLE_REFERENCE,554,2f389cafb29775899e99418b3d49e2a09778af6156e22bf265624926feaa8c5a
04_EXECUTABLE_REFERENCE/DealPME_V3_Release/pass-transmission/PT-005/data/documents/DOC-FIN-005.md,04_EXECUTABLE_REFERENCE,610,9eb74eb7dd020fd51a59ee4de086022e0289d3108db964c2dbff1ccde41350af
04_EXECUTABLE_REFERENCE/DealPME_V3_Release/pass-transmission/PT-005/data/documents/DOC-FIN-006.md,04_EXECUTABLE_REFERENCE,582,fb2b3bc26cfaf395da50923b283e185063adbca782cefa13eaa05903030e4d8c
04_EXECUTABLE_REFERENCE/DealPME_V3_Release/pass-transmission/PT-005/data/documents/DOC-HR-001.md,04_EXECUTABLE_REFERENCE,600,e480ca7f0008893fd7cebfe9188f5b9a410387efd770cba27cccbb0bc45de3a7
04_EXECUTABLE_REFERENCE/DealPME_V3_Release/pass-transmission/PT-005/data/documents/DOC-HR-002.md,04_EXECUTABLE_REFERENCE,597,a863f0ece2efc98edd4413a98ba615d6706355e1246937a8b28f98de3977b736
04_EXECUTABLE_REFERENCE/DealPME_V3_Release/pass-transmission/PT-005/data/documents/DOC-OPS-003.md,04_EXECUTABLE_REFERENCE,598,65b2536034eadb610e22753aca6c98f94533b95993426c7d65eed1ec2c608767
04_EXECUTABLE_REFERENCE/DealPME_V3_Release/pass-transmission/PT-005/data/documents/DOC-REG-001.md,04_EXECUTABLE_REFERENCE,576,05d848220a7a77034a26fcd8a7a6d866772da3b486fe1cae540e5dcbe376f4d9
04_EXECUTABLE_REFERENCE/DealPME_V3_Release/pass-transmission/PT-005/data/documents/DOC-REG-002.md,04_EXECUTABLE_REFERENCE,575,ffa2538fe41fcb098556fe06de08d9c27f5932ebfca0bae6f7bb037f3736a826
04_EXECUTABLE_REFERENCE/DealPME_V3_Release/pass-transmission/PT-005/data/documents/DOC-SUP-001.md,04_EXECUTABLE_REFERENCE,605,a03c69d536698077eb7afbd10d3b71b97bae590c9a62f00eac8bb210e9043726
04_EXECUTABLE_REFERENCE/DealPME_V3_Release/pass-transmission/PT-005/data/documents/DOC-SUP-002.md,04_EXECUTABLE_REFERENCE,575,093899188941da14bc4fdaa56b29c72a93b4c18c01ba0901abc7f3b2ff6aa362
04_EXECUTABLE_REFERENCE/DealPME_V3_Release/pass-transmission/PT-005/data/documents/DOC-TAX-001.md,04_EXECUTABLE_REFERENCE,604,cf1a5a208f78e1efe7d5d0ae38d9efc825484657185e7dbf86517068b3e1f75b
04_EXECUTABLE_REFERENCE/DealPME_V3_Release/pass-transmission/PT-005/data/documents/DOC-TAX-002.md,04_EXECUTABLE_REFERENCE,574,b160a27e49ad4ccfdd30e19b291ce4ea6c2bcae934a2c2800939f83500f928c1
04_EXECUTABLE_REFERENCE/DealPME_V3_Release/pass-transmission/PT-005/data/documents/DOC-TRX-001.md,04_EXECUTABLE_REFERENCE,617,f904f4fc1ecf60199ad3a43878fb53140d7f3e2c0b7086a281b024f0d9e10e6d
04_EXECUTABLE_REFERENCE/DealPME_V3_Release/pass-transmission/PT-005/data/documents/DOC-TRX-002.md,04_EXECUTABLE_REFERENCE,563,b179320aa7d80250ec2f937b7aac36788cacee624d343d754c60acb11dabc031
04_EXECUTABLE_REFERENCE/DealPME_V3_Release/pass-transmission/PT-005/data/documents/DOC-TRX-003.md,04_EXECUTABLE_REFERENCE,604,fd343ed76db25d1f545ebf20e06bdcf02b69925993c55bf63e895d1a0d101614
04_EXECUTABLE_REFERENCE/DealPME_V3_Release/pass-transmission/PT-005/data/documents.json,04_EXECUTABLE_REFERENCE,18587,83ec8c2d4d0368f92b3b599d86ab5e224868205ab8cdcbc6eb9d57b27c847da4
04_EXECUTABLE_REFERENCE/DealPME_V3_Release/pass-transmission/PT-005/data/embed.js,04_EXECUTABLE_REFERENCE,98478,d193acae118a52cbbc60ebba76feb67cf22a062319b271cf1e99f95091e63820
04_EXECUTABLE_REFERENCE/DealPME_V3_Release/pass-transmission/PT-005/data/engagement-pulse.json,04_EXECUTABLE_REFERENCE,999,19e6ec433333c616d9636b07c96405bf37345d94ee9e5e432a429f12ef9590cd
04_EXECUTABLE_REFERENCE/DealPME_V3_Release/pass-transmission/PT-005/data/evidence-map.json,04_EXECUTABLE_REFERENCE,10093,9e32c077d8b43ab39f01f42c078f1c9ad1d480cd4e44936fa42fa3b537cc03a1
04_EXECUTABLE_REFERENCE/DealPME_V3_Release/pass-transmission/PT-005/data/financial-tieout.json,04_EXECUTABLE_REFERENCE,1078,5d875cab8f270a8df26004d0648a4c90e7458dd696c0f076307b7f6a9285a84f
04_EXECUTABLE_REFERENCE/DealPME_V3_Release/pass-transmission/PT-005/data/fixture.v3.json,04_EXECUTABLE_REFERENCE,62251,544b4fd1988f0fb83269f60a195ea9fd64782c737fcbb3dffabc4f7967cbdae2
04_EXECUTABLE_REFERENCE/DealPME_V3_Release/pass-transmission/PT-005/data/interaction-contract.json,04_EXECUTABLE_REFERENCE,11729,ac18a03f8662941eb881c5546b7fad37deb10cf1afb97d1ec3adfca9c8dee955
04_EXECUTABLE_REFERENCE/DealPME_V3_Release/pass-transmission/PT-005/data/interaction-contract.vdr.json,04_EXECUTABLE_REFERENCE,12681,8fb75e7d7d57f4fb56bb05d9ae01f412079dfc1b01df5f6efb1d27aa5096d8c8
04_EXECUTABLE_REFERENCE/DealPME_V3_Release/pass-transmission/PT-005/data/q-and-a.json,04_EXECUTABLE_REFERENCE,5317,27e0b069dd285a2e0b2020634edc2cdeab8a36f54cbf62be46eac99b95708682
04_EXECUTABLE_REFERENCE/DealPME_V3_Release/pass-transmission/PT-005/data/redaction-proposals.json,04_EXECUTABLE_REFERENCE,646,d79988e73bc3468d82159bc2097c3df8bd69ea3d902eea3c6b2eb5a9145d1af2
04_EXECUTABLE_REFERENCE/DealPME_V3_Release/pass-transmission/PT-005/data/risks.json,04_EXECUTABLE_REFERENCE,5416,857583f8cdc9a0e956e8009fe282e537919d85f720697a8dc355413b8cfe44cf
04_EXECUTABLE_REFERENCE/DealPME_V3_Release/pass-transmission/PT-005/data/vdr-intelligence-fixture.json,04_EXECUTABLE_REFERENCE,108969,0deebe0c305625bdd67db477957603d789ea71d9447e95b0a6e1a4a25c662ade
04_EXECUTABLE_REFERENCE/DealPME_V3_Release/pass-transmission/PT-005/data/version-intelligence.json,04_EXECUTABLE_REFERENCE,670,0f9b2a54b2f6a1d826303fdbd1a19da28ad918a9a81d3bc40c1aa57117e65f3b
04_EXECUTABLE_REFERENCE/DealPME_V3_Release/pass-transmission/PT-005/index.html,04_EXECUTABLE_REFERENCE,360,201c636ad59379fcdf665de507d67de516340abb511a33d6e1aa31ab6b2a04b3
04_EXECUTABLE_REFERENCE/DealPME_V3_Release/pass-transmission/PT-005/sample.md,04_EXECUTABLE_REFERENCE,1733,b53fe278dcdc02452533098a60b73057b52f39c068521786409f87d1c8cf1e58
04_EXECUTABLE_REFERENCE/DealPME_V3_Release/pass-transmission/PT-005/standalone.html,04_EXECUTABLE_REFERENCE,152028,9db5d42f849cdba4f92d6034114efcf461ac46af33d518483518ce0463f31450
04_EXECUTABLE_REFERENCE/DealPME_V3_Release/pass-transmission/PT-005/styles.css,04_EXECUTABLE_REFERENCE,17126,6ec9d6aa72d6a068543f932f3cca0db5f86defde101f11d500a07e3762d3c777
04_EXECUTABLE_REFERENCE/DealPME_V3_Release/pass-transmission/PT-005/vdr-intelligence/README.md,04_EXECUTABLE_REFERENCE,323,925dd23499d73527bab2159042b8736ba81afda9967d56ebb082fc9877a4a66b
04_EXECUTABLE_REFERENCE/DealPME_V3_Release/pass-transmission/PT-005/vdr-intelligence/app.js,04_EXECUTABLE_REFERENCE,19993,efa2ee5d6c9bc713963a2738d8c9860671f932edb4ff2a0c6a8af615534d9bc3
04_EXECUTABLE_REFERENCE/DealPME_V3_Release/pass-transmission/PT-005/vdr-intelligence/data/embed.js,04_EXECUTABLE_REFERENCE,90742,bbec89a059ddc10a42ec3b9f528d35c14aabbe89b5a7e22fe9d81855368f46ab
04_EXECUTABLE_REFERENCE/DealPME_V3_Release/pass-transmission/PT-005/vdr-intelligence/index.html,04_EXECUTABLE_REFERENCE,330,ef56254bf26606e6d5e89f1dc39fd407eb2b06cb4f2d002f9d69505b59f4f55f
04_EXECUTABLE_REFERENCE/DealPME_V3_Release/pass-transmission/PT-005/vdr-intelligence/standalone.html,04_EXECUTABLE_REFERENCE,117637,ee071d94148ce06314aa739b994516fe83087d0453c7d953814ed21e3d50d688
04_EXECUTABLE_REFERENCE/DealPME_V3_Release/pass-transmission/PT-005/vdr-intelligence/styles.css,04_EXECUTABLE_REFERENCE,6631,d3242f29ba66fa596c3998732a70e45611f4d8ce58ed77beda1d961c57d9f6a0
04_EXECUTABLE_REFERENCE/DealPME_V3_Release/pass-transmission/PT-006/DEV_INDEX.md,04_EXECUTABLE_REFERENCE,1110,fa3ee00875f94109ba0c853484a96beecfd7467fadc3da6d7e0c16261911f8ed
04_EXECUTABLE_REFERENCE/DealPME_V3_Release/pass-transmission/PT-006/app.js,04_EXECUTABLE_REFERENCE,36112,b28b6e3485ce03f16ff406c630a234cfc94df19ee672459ff4d4b5da19b13d01
04_EXECUTABLE_REFERENCE/DealPME_V3_Release/pass-transmission/PT-006/assets/dealpme-logo.jpg,04_EXECUTABLE_REFERENCE,16596,14e96ab26c9d691bb9a34716f8006869e12f6e99e6778a98967280fcb83dacc8
04_EXECUTABLE_REFERENCE/DealPME_V3_Release/pass-transmission/PT-006/data/access-matrix.json,04_EXECUTABLE_REFERENCE,2407,c333bd65ee0aa2cb9b50f4928ba377de26c8e510871a465f44bdf4b0dda007e6
04_EXECUTABLE_REFERENCE/DealPME_V3_Release/pass-transmission/PT-006/data/deallens-policy.json,04_EXECUTABLE_REFERENCE,645,53ee54dd7eee8a579e14dccad7796f3f277a5882a5eed61018af0acea281b186
04_EXECUTABLE_REFERENCE/DealPME_V3_Release/pass-transmission/PT-006/data/diligence-coverage.json,04_EXECUTABLE_REFERENCE,2152,9101e7bf95e4480a13051ab5392eaf14ff198d876745d43969aa7c451b2ecbb6
04_EXECUTABLE_REFERENCE/DealPME_V3_Release/pass-transmission/PT-006/data/document-intelligence.json,04_EXECUTABLE_REFERENCE,41195,29742244b1c911aed23efd8c2845f44e2427ee695d90b262913c1e8ddd8551af
04_EXECUTABLE_REFERENCE/DealPME_V3_Release/pass-transmission/PT-006/data/documents/DOC-AST-001.md,04_EXECUTABLE_REFERENCE,620,25fa23107d2c455f5f790cf85920dcf02d14efdd1462e9c32f3c70284225801a
04_EXECUTABLE_REFERENCE/DealPME_V3_Release/pass-transmission/PT-006/data/documents/DOC-AST-002.md,04_EXECUTABLE_REFERENCE,593,09ad2f030610e76ac29dd7154d69f60bb5da3ad87ea57aad4e0b92f1fcd0ba5b
04_EXECUTABLE_REFERENCE/DealPME_V3_Release/pass-transmission/PT-006/data/documents/DOC-AST-003.md,04_EXECUTABLE_REFERENCE,558,c200147e4442230327b375d57a557852f48eb7b4410a86c561966d9ff0708289
04_EXECUTABLE_REFERENCE/DealPME_V3_Release/pass-transmission/PT-006/data/documents/DOC-COM-001.md,04_EXECUTABLE_REFERENCE,571,af4c2492100a6721ece84908fef7a8c186bbc6c0244dd9d9168d62333600d681
04_EXECUTABLE_REFERENCE/DealPME_V3_Release/pass-transmission/PT-006/data/documents/DOC-COM-002.md,04_EXECUTABLE_REFERENCE,657,3797eba79b4142d2a1b459fe19d9eeba953e17b40b75e179bd045859697ce26c
04_EXECUTABLE_REFERENCE/DealPME_V3_Release/pass-transmission/PT-006/data/documents/DOC-COR-001.md,04_EXECUTABLE_REFERENCE,602,af5f55c12c6dc9eb5d86e1e28880b024b1ee9fb9f7822c1a61ea6939916e2073
04_EXECUTABLE_REFERENCE/DealPME_V3_Release/pass-transmission/PT-006/data/documents/DOC-COR-002.md,04_EXECUTABLE_REFERENCE,651,db200e8d9463ed805fad84650c04b2c9a66b509ccd8dece50156ba5266d84024
04_EXECUTABLE_REFERENCE/DealPME_V3_Release/pass-transmission/PT-006/data/documents/DOC-COR-003.md,04_EXECUTABLE_REFERENCE,600,9a026b42ad364e4feb56e04a6d17231e5cab98b4b73e5a0af88ff5bdae3b6607
04_EXECUTABLE_REFERENCE/DealPME_V3_Release/pass-transmission/PT-006/data/documents/DOC-EQT-001.md,04_EXECUTABLE_REFERENCE,626,70dcc274c177938367443b1122c3a517546d0064c341bf580cf8d82dcfa8a0e0
04_EXECUTABLE_REFERENCE/DealPME_V3_Release/pass-transmission/PT-006/data/documents/DOC-EQT-002.md,04_EXECUTABLE_REFERENCE,635,471096d4507e0d0d5e7addaa7b69f666476a92061f6706cc76140f168881318f
04_EXECUTABLE_REFERENCE/DealPME_V3_Release/pass-transmission/PT-006/data/documents/DOC-FIN-001.md,04_EXECUTABLE_REFERENCE,583,e6bd613e93e0bdb3b72fd8c19d646e123cc34149281cba3baf48c1df2bd7b8c1
04_EXECUTABLE_REFERENCE/DealPME_V3_Release/pass-transmission/PT-006/data/documents/DOC-FIN-002.md,04_EXECUTABLE_REFERENCE,535,28a0b9f258a1cd79705b07d36f972fbabd49122255e923b94a3823c30a434f1f
04_EXECUTABLE_REFERENCE/DealPME_V3_Release/pass-transmission/PT-006/data/documents/DOC-FIN-003.md,04_EXECUTABLE_REFERENCE,599,cffe558515cf95779be37f9f38492ebec205fe56de1c467ce2011867ae7b3e8d
04_EXECUTABLE_REFERENCE/DealPME_V3_Release/pass-transmission/PT-006/data/documents/DOC-FIN-004.md,04_EXECUTABLE_REFERENCE,567,069fc8b1183e79f3081e43462301cac9f7d4cd95097dd8b1b370ed79de25b7bc
04_EXECUTABLE_REFERENCE/DealPME_V3_Release/pass-transmission/PT-006/data/documents/DOC-FIN-005.md,04_EXECUTABLE_REFERENCE,622,1ce4799e65d5e58f4b91807070f2fd1ce8dea5efaef86004e1a7a9640cc36a4a
04_EXECUTABLE_REFERENCE/DealPME_V3_Release/pass-transmission/PT-006/data/documents/DOC-FIN-006.md,04_EXECUTABLE_REFERENCE,606,d31c83293115b2ed0a646a76e0876cbf00f7461b065c7bbb0e3fab971fa39b83
04_EXECUTABLE_REFERENCE/DealPME_V3_Release/pass-transmission/PT-006/data/documents/DOC-HR-001.md,04_EXECUTABLE_REFERENCE,612,25acfc08f6966e715f70e46ff69f685f63ea59413452dd513d6fa41e0c367ab4
04_EXECUTABLE_REFERENCE/DealPME_V3_Release/pass-transmission/PT-006/data/documents/DOC-HR-002.md,04_EXECUTABLE_REFERENCE,607,6d4996b98582e175b82e4bab3d6848d606c3cfcc8abb03b4e0c5273bc7c1fe7c
04_EXECUTABLE_REFERENCE/DealPME_V3_Release/pass-transmission/PT-006/data/documents/DOC-OPS-003.md,04_EXECUTABLE_REFERENCE,620,43dcf6f889cc6382b40b9e55d122e72e4b6d3f6c13fe379947e57ba026f47b23
04_EXECUTABLE_REFERENCE/DealPME_V3_Release/pass-transmission/PT-006/data/documents/DOC-REG-001.md,04_EXECUTABLE_REFERENCE,600,f7013e10bb3373c6d8ca1a80979496390f9dbd1e0f101bdc28694d4e9d6ebc41
04_EXECUTABLE_REFERENCE/DealPME_V3_Release/pass-transmission/PT-006/data/documents/DOC-REG-002.md,04_EXECUTABLE_REFERENCE,586,07dd664e5778de5aec693bc8c9f3f5792ef72f239e8c7a333ea51a1c36e1aca5
04_EXECUTABLE_REFERENCE/DealPME_V3_Release/pass-transmission/PT-006/data/documents/DOC-SUP-001.md,04_EXECUTABLE_REFERENCE,627,4e1bf4f5f104d40acd10d7bf2e75a7eb55001adeb4a6bc2d21ef9553546fb9b9
04_EXECUTABLE_REFERENCE/DealPME_V3_Release/pass-transmission/PT-006/data/documents/DOC-SUP-002.md,04_EXECUTABLE_REFERENCE,586,f3bebb07f5d377282855d322ba7b2e766cd11045ed92206316f7d19ac9447452
04_EXECUTABLE_REFERENCE/DealPME_V3_Release/pass-transmission/PT-006/data/documents/DOC-TAX-001.md,04_EXECUTABLE_REFERENCE,615,466fa20134a2c7ef1e27efb462c5d301d5395b0b7f0f50caae2a7e4c0d43c18c
04_EXECUTABLE_REFERENCE/DealPME_V3_Release/pass-transmission/PT-006/data/documents/DOC-TAX-002.md,04_EXECUTABLE_REFERENCE,585,1fab1af084f6d239466db76cf0f06f1da2c9c9e040529d78c52716cbae6cea2c
04_EXECUTABLE_REFERENCE/DealPME_V3_Release/pass-transmission/PT-006/data/documents/DOC-TRX-001.md,04_EXECUTABLE_REFERENCE,628,73e8b1a4f3f8acef6d62f233b8908ef161476dd411a6303be827112c84a29a0f
04_EXECUTABLE_REFERENCE/DealPME_V3_Release/pass-transmission/PT-006/data/documents/DOC-TRX-002.md,04_EXECUTABLE_REFERENCE,573,0f5c29f9c016893d5ec78371b15c18b76797cea38033d7ca0144c13e95ae1559
04_EXECUTABLE_REFERENCE/DealPME_V3_Release/pass-transmission/PT-006/data/documents/DOC-TRX-003.md,04_EXECUTABLE_REFERENCE,615,5845e730698c89856c57e2924057a00a9dbc97fa02f3b414150a3be0caa19101
04_EXECUTABLE_REFERENCE/DealPME_V3_Release/pass-transmission/PT-006/data/documents.json,04_EXECUTABLE_REFERENCE,18740,78e5e44c4974c84b58b05a8556b32d85c02bf986ab587ffbfd5466f049734605
04_EXECUTABLE_REFERENCE/DealPME_V3_Release/pass-transmission/PT-006/data/embed.js,04_EXECUTABLE_REFERENCE,99298,5c25cdb4d263aefa2d513aa478f32e3ec603b41418e4bb33ac4ea15a8b43c02c
04_EXECUTABLE_REFERENCE/DealPME_V3_Release/pass-transmission/PT-006/data/engagement-pulse.json,04_EXECUTABLE_REFERENCE,999,be21f2869bb93bfd5255b0b728aae3b409cc27f8da40fef235568c845a8c056c
04_EXECUTABLE_REFERENCE/DealPME_V3_Release/pass-transmission/PT-006/data/evidence-map.json,04_EXECUTABLE_REFERENCE,10066,37668dd7fac5d93f03cd57604e9facf6437c771d35d667bca452d67bba19902f
04_EXECUTABLE_REFERENCE/DealPME_V3_Release/pass-transmission/PT-006/data/financial-tieout.json,04_EXECUTABLE_REFERENCE,1076,ba7e8be0063e2b4586f1e7236f6c87bcf63e5bd748c2cb7f9ecc5a5db723062c
04_EXECUTABLE_REFERENCE/DealPME_V3_Release/pass-transmission/PT-006/data/fixture.v3.json,04_EXECUTABLE_REFERENCE,62481,49cd30e2b044f3c7f835d79e40734d6b8d29b6670096678e325643b9cb022b3a
04_EXECUTABLE_REFERENCE/DealPME_V3_Release/pass-transmission/PT-006/data/interaction-contract.json,04_EXECUTABLE_REFERENCE,11729,66b7b0087d0bb0fb456011ce948d1869526b6a056c8ff3d2ee578cf623196cf1
04_EXECUTABLE_REFERENCE/DealPME_V3_Release/pass-transmission/PT-006/data/interaction-contract.vdr.json,04_EXECUTABLE_REFERENCE,12681,61f26fc0d31b913d723f7f2eaa12dbcf1cb585a935f7beb60f4f8d2ea0134dad
04_EXECUTABLE_REFERENCE/DealPME_V3_Release/pass-transmission/PT-006/data/q-and-a.json,04_EXECUTABLE_REFERENCE,5317,27e0b069dd285a2e0b2020634edc2cdeab8a36f54cbf62be46eac99b95708682
04_EXECUTABLE_REFERENCE/DealPME_V3_Release/pass-transmission/PT-006/data/redaction-proposals.json,04_EXECUTABLE_REFERENCE,646,89ac8bfea17cc83f3515a9bd375392204fb6f4d3d8ca3b8de8b1da0bc4d53cf3
04_EXECUTABLE_REFERENCE/DealPME_V3_Release/pass-transmission/PT-006/data/risks.json,04_EXECUTABLE_REFERENCE,5411,ead4f41f7bf4766d638fd5dc1117fe7f460fc1b8c9003c362a763881260a710c
04_EXECUTABLE_REFERENCE/DealPME_V3_Release/pass-transmission/PT-006/data/vdr-intelligence-fixture.json,04_EXECUTABLE_REFERENCE,109189,4e2021c9cbeca3ec6a4fe3d25f0e32d539dff4e4a86f4833f9de252927a5146f
04_EXECUTABLE_REFERENCE/DealPME_V3_Release/pass-transmission/PT-006/data/version-intelligence.json,04_EXECUTABLE_REFERENCE,670,f99fe444c44296c675ea7f30f2fd2105cd9eb2649e1d9c8833252158a057ab96
04_EXECUTABLE_REFERENCE/DealPME_V3_Release/pass-transmission/PT-006/index.html,04_EXECUTABLE_REFERENCE,360,05a0ff4f6a008ed5cbfa65c96fcc01615652b938ff6819668250729257529a66
04_EXECUTABLE_REFERENCE/DealPME_V3_Release/pass-transmission/PT-006/sample.md,04_EXECUTABLE_REFERENCE,1765,ead8d669888b49dfd0f6bb4315f56f7f1a6e8529ed313e75c883f2cc7113dbe8
04_EXECUTABLE_REFERENCE/DealPME_V3_Release/pass-transmission/PT-006/standalone.html,04_EXECUTABLE_REFERENCE,152848,509e5f2c551a1c6dc1d6961dfa7b24ae01af4923da61c315e4c6ea8f49ba2586
04_EXECUTABLE_REFERENCE/DealPME_V3_Release/pass-transmission/PT-006/styles.css,04_EXECUTABLE_REFERENCE,17126,6ec9d6aa72d6a068543f932f3cca0db5f86defde101f11d500a07e3762d3c777
04_EXECUTABLE_REFERENCE/DealPME_V3_Release/pass-transmission/PT-006/vdr-intelligence/README.md,04_EXECUTABLE_REFERENCE,334,e84f394e6de125b2fd2814cb79b74040f9bd426d1af45252f5136e2698d717ab
04_EXECUTABLE_REFERENCE/DealPME_V3_Release/pass-transmission/PT-006/vdr-intelligence/app.js,04_EXECUTABLE_REFERENCE,19993,efa2ee5d6c9bc713963a2738d8c9860671f932edb4ff2a0c6a8af615534d9bc3
04_EXECUTABLE_REFERENCE/DealPME_V3_Release/pass-transmission/PT-006/vdr-intelligence/data/embed.js,04_EXECUTABLE_REFERENCE,91490,19450a25a5bacd9f493bae778225bfd9ebc3b6dc10c3b3bb3c855165e9ae7141
04_EXECUTABLE_REFERENCE/DealPME_V3_Release/pass-transmission/PT-006/vdr-intelligence/index.html,04_EXECUTABLE_REFERENCE,330,ef56254bf26606e6d5e89f1dc39fd407eb2b06cb4f2d002f9d69505b59f4f55f
04_EXECUTABLE_REFERENCE/DealPME_V3_Release/pass-transmission/PT-006/vdr-intelligence/standalone.html,04_EXECUTABLE_REFERENCE,118385,81d7944e962af021e7e7c358c6ef8dba212618911f3c32d08d5a971785fae84c
04_EXECUTABLE_REFERENCE/DealPME_V3_Release/pass-transmission/PT-006/vdr-intelligence/styles.css,04_EXECUTABLE_REFERENCE,6631,d3242f29ba66fa596c3998732a70e45611f4d8ce58ed77beda1d961c57d9f6a0
04_EXECUTABLE_REFERENCE/DealPME_V3_Release/pass-transmission/PT-007/DEV_INDEX.md,04_EXECUTABLE_REFERENCE,1110,d8c53b3faeb2a0773ded610fb3d01506bc50a4189370fc2e18af336bd46e7a32
04_EXECUTABLE_REFERENCE/DealPME_V3_Release/pass-transmission/PT-007/app.js,04_EXECUTABLE_REFERENCE,36112,b28b6e3485ce03f16ff406c630a234cfc94df19ee672459ff4d4b5da19b13d01
04_EXECUTABLE_REFERENCE/DealPME_V3_Release/pass-transmission/PT-007/assets/dealpme-logo.jpg,04_EXECUTABLE_REFERENCE,16596,14e96ab26c9d691bb9a34716f8006869e12f6e99e6778a98967280fcb83dacc8
04_EXECUTABLE_REFERENCE/DealPME_V3_Release/pass-transmission/PT-007/data/access-matrix.json,04_EXECUTABLE_REFERENCE,2407,eb74db0818f63b34de4610353b589981ee45ab23961102bf4a9b0466c755080e
04_EXECUTABLE_REFERENCE/DealPME_V3_Release/pass-transmission/PT-007/data/deallens-policy.json,04_EXECUTABLE_REFERENCE,645,82555b240479395b885336a419521954604d4f3a411a9f8bebc0fa347604ffbf
04_EXECUTABLE_REFERENCE/DealPME_V3_Release/pass-transmission/PT-007/data/diligence-coverage.json,04_EXECUTABLE_REFERENCE,2152,d3d5f2d71353e979dcd2b8582ab2e055c43a9abc3780e204383c5d514962b544
04_EXECUTABLE_REFERENCE/DealPME_V3_Release/pass-transmission/PT-007/data/document-intelligence.json,04_EXECUTABLE_REFERENCE,41164,58c758d500586f0f56accad9dc9ea542e869e6753d5bb403509f7fb842af978f
04_EXECUTABLE_REFERENCE/DealPME_V3_Release/pass-transmission/PT-007/data/documents/DOC-AST-001.md,04_EXECUTABLE_REFERENCE,601,88124015fcbe733b0fec3bb20a559fa8e1fee7531c619c5e4f59905bfd19fd6e
04_EXECUTABLE_REFERENCE/DealPME_V3_Release/pass-transmission/PT-007/data/documents/DOC-AST-002.md,04_EXECUTABLE_REFERENCE,580,1181a31e4ed6c7e760c031b7b325700a16f841dd722852f09fb7ab24dc963db7
04_EXECUTABLE_REFERENCE/DealPME_V3_Release/pass-transmission/PT-007/data/documents/DOC-AST-003.md,04_EXECUTABLE_REFERENCE,545,2986fc8290f620f67d024151c0d419243384981f1f938298ae7ba08ffb943610
04_EXECUTABLE_REFERENCE/DealPME_V3_Release/pass-transmission/PT-007/data/documents/DOC-COM-001.md,04_EXECUTABLE_REFERENCE,558,ef466b76153ae5987b7a0ab6420c3d6c3f7b4290ed5ac2d09152329505bfa3e6
04_EXECUTABLE_REFERENCE/DealPME_V3_Release/pass-transmission/PT-007/data/documents/DOC-COM-002.md,04_EXECUTABLE_REFERENCE,638,503bf55d5bc50916d53fb055c3b5b810a0124bf4346d2dba6558f60d1563cecc
04_EXECUTABLE_REFERENCE/DealPME_V3_Release/pass-transmission/PT-007/data/documents/DOC-COR-001.md,04_EXECUTABLE_REFERENCE,598,b8623cda151ccf618dc16b0a0a5b52a30f08568a3a282e349e1459a6a55cddb3
04_EXECUTABLE_REFERENCE/DealPME_V3_Release/pass-transmission/PT-007/data/documents/DOC-COR-002.md,04_EXECUTABLE_REFERENCE,619,f2317bb986ef298cd543b32c7e1262789c9ac5773fb14c235e30ec9a25de581d
04_EXECUTABLE_REFERENCE/DealPME_V3_Release/pass-transmission/PT-007/data/documents/DOC-COR-003.md,04_EXECUTABLE_REFERENCE,587,f0b37662c44ea7119d4a51d21c023ddfca0b73ed668d63dafb185fef9f92e536
04_EXECUTABLE_REFERENCE/DealPME_V3_Release/pass-transmission/PT-007/data/documents/DOC-EQT-001.md,04_EXECUTABLE_REFERENCE,580,79da326906df0f5fba3331d672cc08e8af16adb49f92bd1e928da3601602dfe9
04_EXECUTABLE_REFERENCE/DealPME_V3_Release/pass-transmission/PT-007/data/documents/DOC-EQT-002.md,04_EXECUTABLE_REFERENCE,622,0d588504772570a3adca91fa86ece2ccbbf1e587372e4748902b2fdd25b418a1
04_EXECUTABLE_REFERENCE/DealPME_V3_Release/pass-transmission/PT-007/data/documents/DOC-FIN-001.md,04_EXECUTABLE_REFERENCE,570,16460761aa14adf2c234b6cec062b73a39bc94d3a1d262e8e9c6aa4b2b0126c5
04_EXECUTABLE_REFERENCE/DealPME_V3_Release/pass-transmission/PT-007/data/documents/DOC-FIN-002.md,04_EXECUTABLE_REFERENCE,522,85985f7968ff6f81107e5a5c5e95822fc955e03298e60a4330b588b90b7414c9
04_EXECUTABLE_REFERENCE/DealPME_V3_Release/pass-transmission/PT-007/data/documents/DOC-FIN-003.md,04_EXECUTABLE_REFERENCE,586,50ac658073ca6eb64e7f21143f2f4f09b906cd4a88d5cea8e04f3a8d186aa750
04_EXECUTABLE_REFERENCE/DealPME_V3_Release/pass-transmission/PT-007/data/documents/DOC-FIN-004.md,04_EXECUTABLE_REFERENCE,556,eef3fa95f8eea5c8c447298b74adef333d92efd4d474a7989ea349ec19ba86ab
04_EXECUTABLE_REFERENCE/DealPME_V3_Release/pass-transmission/PT-007/data/documents/DOC-FIN-005.md,04_EXECUTABLE_REFERENCE,611,4617e868205249ec0d97aed4802b8f6292aef377a8709997b63b7aefd9520b82
04_EXECUTABLE_REFERENCE/DealPME_V3_Release/pass-transmission/PT-007/data/documents/DOC-FIN-006.md,04_EXECUTABLE_REFERENCE,587,7e695a841cc042028d30d99e878088d4a034e9458275dd8b17c1c1b461afce92
04_EXECUTABLE_REFERENCE/DealPME_V3_Release/pass-transmission/PT-007/data/documents/DOC-HR-001.md,04_EXECUTABLE_REFERENCE,599,82b780063fb74e6b0328ce6910d4bd540dc513684819e497d67c95bd5cebda57
04_EXECUTABLE_REFERENCE/DealPME_V3_Release/pass-transmission/PT-007/data/documents/DOC-HR-002.md,04_EXECUTABLE_REFERENCE,595,17bd07e2c103cf016dac37a89e79064bac5182e4b9ac585cf32a333a61317303
04_EXECUTABLE_REFERENCE/DealPME_V3_Release/pass-transmission/PT-007/data/documents/DOC-OPS-003.md,04_EXECUTABLE_REFERENCE,594,49bef57996cc85eecd06f42638d8131f4f6f99e601908a7da4a01ab77a1263c2
04_EXECUTABLE_REFERENCE/DealPME_V3_Release/pass-transmission/PT-007/data/documents/DOC-REG-001.md,04_EXECUTABLE_REFERENCE,581,0103108d9d15aaf0be397dccc66b866b3a7af0a5140cde9218918a2aa65ff2b4
04_EXECUTABLE_REFERENCE/DealPME_V3_Release/pass-transmission/PT-007/data/documents/DOC-REG-002.md,04_EXECUTABLE_REFERENCE,573,ed58df1a8712ee0b76f103331a487e65246ae268c3c59297203fc8dcacfe7400
04_EXECUTABLE_REFERENCE/DealPME_V3_Release/pass-transmission/PT-007/data/documents/DOC-SUP-001.md,04_EXECUTABLE_REFERENCE,601,c92a44676a1ae834953697daa0e75777bcbdfd7c8a2aebdfb68a0352a240bd56
04_EXECUTABLE_REFERENCE/DealPME_V3_Release/pass-transmission/PT-007/data/documents/DOC-SUP-002.md,04_EXECUTABLE_REFERENCE,573,54da9b539ca462ea11ee7ac8be327bc4ed4ada9b3fb6e5ac2ede46c29f5e16cb
04_EXECUTABLE_REFERENCE/DealPME_V3_Release/pass-transmission/PT-007/data/documents/DOC-TAX-001.md,04_EXECUTABLE_REFERENCE,602,b17c29e5f444d57f43593972cd4e0b8c5748bda58fde854a23932e2fd94db2bd
04_EXECUTABLE_REFERENCE/DealPME_V3_Release/pass-transmission/PT-007/data/documents/DOC-TAX-002.md,04_EXECUTABLE_REFERENCE,572,ff3a419edfb5821e76f0cbc9f7cacc8ff74336ba192ffc7752bf371286baefb1
04_EXECUTABLE_REFERENCE/DealPME_V3_Release/pass-transmission/PT-007/data/documents/DOC-TRX-001.md,04_EXECUTABLE_REFERENCE,615,b6b4e84f8163474cf5ed18b14f05880175f804e2cc55ee00662f1655254da78f
04_EXECUTABLE_REFERENCE/DealPME_V3_Release/pass-transmission/PT-007/data/documents/DOC-TRX-002.md,04_EXECUTABLE_REFERENCE,561,101f1192378cf0185557923d954daba20df9a8110cda11c14e46e621ef792d0f
04_EXECUTABLE_REFERENCE/DealPME_V3_Release/pass-transmission/PT-007/data/documents/DOC-TRX-003.md,04_EXECUTABLE_REFERENCE,602,0531a1b0ef63a5f22d6709020b1c5016d0313b8f7566b159c95d5117879e9782
04_EXECUTABLE_REFERENCE/DealPME_V3_Release/pass-transmission/PT-007/data/documents.json,04_EXECUTABLE_REFERENCE,18653,4b25c5bd70025476f7d0b680aca7b9f3aabbbaea99bc5b79b2160aa9b769ea6d
04_EXECUTABLE_REFERENCE/DealPME_V3_Release/pass-transmission/PT-007/data/embed.js,04_EXECUTABLE_REFERENCE,98686,98d16ba8d3afe53002c57bae1a617489f73baa992fa9ae5b59555279d80653fc
04_EXECUTABLE_REFERENCE/DealPME_V3_Release/pass-transmission/PT-007/data/engagement-pulse.json,04_EXECUTABLE_REFERENCE,999,14af3714ac969eb6aebfcb07c65cb42e96439b87642b00a804edcc29e803521f
04_EXECUTABLE_REFERENCE/DealPME_V3_Release/pass-transmission/PT-007/data/evidence-map.json,04_EXECUTABLE_REFERENCE,10093,c1c95043e7a0badbc9f8870cd91742611c2a4a6810c41a0c9ebbd142818c4a7e
04_EXECUTABLE_REFERENCE/DealPME_V3_Release/pass-transmission/PT-007/data/financial-tieout.json,04_EXECUTABLE_REFERENCE,1076,57bf1b70d5a54ba0e7ef83f7055abe36566f51c127aa878deda5f7d574c70920
04_EXECUTABLE_REFERENCE/DealPME_V3_Release/pass-transmission/PT-007/data/fixture.v3.json,04_EXECUTABLE_REFERENCE,62354,b0b8d2f71f6e447817b1f54c6de10c4154d5b5e354cb43a4408b2e30ab6be084
04_EXECUTABLE_REFERENCE/DealPME_V3_Release/pass-transmission/PT-007/data/interaction-contract.json,04_EXECUTABLE_REFERENCE,11729,605142a818ccd00bd192c5bbc81f628a87f3b0c0da97dfc9901f777a8707bbfa
04_EXECUTABLE_REFERENCE/DealPME_V3_Release/pass-transmission/PT-007/data/interaction-contract.vdr.json,04_EXECUTABLE_REFERENCE,12681,491fdf04f6a4619e6f946507553c44605cd1362c573849b6f2fffd3f92859c4a
04_EXECUTABLE_REFERENCE/DealPME_V3_Release/pass-transmission/PT-007/data/q-and-a.json,04_EXECUTABLE_REFERENCE,5317,27e0b069dd285a2e0b2020634edc2cdeab8a36f54cbf62be46eac99b95708682
04_EXECUTABLE_REFERENCE/DealPME_V3_Release/pass-transmission/PT-007/data/redaction-proposals.json,04_EXECUTABLE_REFERENCE,646,89976183519452222aeff7ca6d1c525d7077c31a5796655bad717073e50d34fe
04_EXECUTABLE_REFERENCE/DealPME_V3_Release/pass-transmission/PT-007/data/risks.json,04_EXECUTABLE_REFERENCE,5444,343fe270a239c429570d3d5617a3d236d353dd28061e616e9e772a3a2bcac43f
04_EXECUTABLE_REFERENCE/DealPME_V3_Release/pass-transmission/PT-007/data/vdr-intelligence-fixture.json,04_EXECUTABLE_REFERENCE,109131,890d8e867b4eda689c9658325d67d787a348ee150ebfea3a98e6d1aa59429642
04_EXECUTABLE_REFERENCE/DealPME_V3_Release/pass-transmission/PT-007/data/version-intelligence.json,04_EXECUTABLE_REFERENCE,670,cb614d1362aae6c29882e87c22defd82e8e8530dafaaf2e14153b600fd2fa9ab
04_EXECUTABLE_REFERENCE/DealPME_V3_Release/pass-transmission/PT-007/index.html,04_EXECUTABLE_REFERENCE,360,da9e72f0b50cbbd52a2c09913f93fe68da380f0ed05b7f44e34a1a1cfb0190e8
04_EXECUTABLE_REFERENCE/DealPME_V3_Release/pass-transmission/PT-007/sample.md,04_EXECUTABLE_REFERENCE,1761,36bafb909fa8296fafd43502e65ab772a41da02120f8b2cd05c8c0a54b13eaf3
04_EXECUTABLE_REFERENCE/DealPME_V3_Release/pass-transmission/PT-007/standalone.html,04_EXECUTABLE_REFERENCE,152236,39b9d24afa5e7d6a30dc6ff1b46d72f2ef595d2253981c4a4b006e1a69d63abb
04_EXECUTABLE_REFERENCE/DealPME_V3_Release/pass-transmission/PT-007/styles.css,04_EXECUTABLE_REFERENCE,17126,6ec9d6aa72d6a068543f932f3cca0db5f86defde101f11d500a07e3762d3c777
04_EXECUTABLE_REFERENCE/DealPME_V3_Release/pass-transmission/PT-007/vdr-intelligence/README.md,04_EXECUTABLE_REFERENCE,321,21aa27f460244b21e41dc9b0bf21f6af02aaa37184573e3ad1504148c5efd978
04_EXECUTABLE_REFERENCE/DealPME_V3_Release/pass-transmission/PT-007/vdr-intelligence/app.js,04_EXECUTABLE_REFERENCE,19993,efa2ee5d6c9bc713963a2738d8c9860671f932edb4ff2a0c6a8af615534d9bc3
04_EXECUTABLE_REFERENCE/DealPME_V3_Release/pass-transmission/PT-007/vdr-intelligence/data/embed.js,04_EXECUTABLE_REFERENCE,90927,c5594c730ed2d21dc315ff6c058d63d66d9ed9af7af093955aa56a7e84b025e8
04_EXECUTABLE_REFERENCE/DealPME_V3_Release/pass-transmission/PT-007/vdr-intelligence/index.html,04_EXECUTABLE_REFERENCE,330,ef56254bf26606e6d5e89f1dc39fd407eb2b06cb4f2d002f9d69505b59f4f55f
04_EXECUTABLE_REFERENCE/DealPME_V3_Release/pass-transmission/PT-007/vdr-intelligence/standalone.html,04_EXECUTABLE_REFERENCE,117822,12ad01cb27e73b82b43e120229fcf23df841a4e3f99a81da0c8d0c9617ffa722
04_EXECUTABLE_REFERENCE/DealPME_V3_Release/pass-transmission/PT-007/vdr-intelligence/styles.css,04_EXECUTABLE_REFERENCE,6631,d3242f29ba66fa596c3998732a70e45611f4d8ce58ed77beda1d961c57d9f6a0
04_EXECUTABLE_REFERENCE/DealPME_V3_Release/pass-transmission/PT-008/DEV_INDEX.md,04_EXECUTABLE_REFERENCE,1110,27dd6be9a24f69b8266e11096617092a12c3d3323391d8d4e6c1a6ea7d9de5b2
04_EXECUTABLE_REFERENCE/DealPME_V3_Release/pass-transmission/PT-008/app.js,04_EXECUTABLE_REFERENCE,36112,b28b6e3485ce03f16ff406c630a234cfc94df19ee672459ff4d4b5da19b13d01
04_EXECUTABLE_REFERENCE/DealPME_V3_Release/pass-transmission/PT-008/assets/dealpme-logo.jpg,04_EXECUTABLE_REFERENCE,16596,14e96ab26c9d691bb9a34716f8006869e12f6e99e6778a98967280fcb83dacc8
04_EXECUTABLE_REFERENCE/DealPME_V3_Release/pass-transmission/PT-008/data/access-matrix.json,04_EXECUTABLE_REFERENCE,2407,187cc56520a9b2055583496aa87762c8abce9ce91bc54a2fc14c61fbe937e6a0
04_EXECUTABLE_REFERENCE/DealPME_V3_Release/pass-transmission/PT-008/data/deallens-policy.json,04_EXECUTABLE_REFERENCE,645,499003d0445ca62d37424f88a1a2f8e9dd9f4ac110c14ed1bd199d64ab079f7a
04_EXECUTABLE_REFERENCE/DealPME_V3_Release/pass-transmission/PT-008/data/diligence-coverage.json,04_EXECUTABLE_REFERENCE,2152,48776f6bf2059ed2384a2ac505eb929bc29c5ea1a614e78753a1e95d20a50d57
04_EXECUTABLE_REFERENCE/DealPME_V3_Release/pass-transmission/PT-008/data/document-intelligence.json,04_EXECUTABLE_REFERENCE,41170,a4f8ff829249a644ab2f6412fcb3de5bda84085f860c44e83f9821652e3e6f2c
04_EXECUTABLE_REFERENCE/DealPME_V3_Release/pass-transmission/PT-008/data/documents/DOC-AST-001.md,04_EXECUTABLE_REFERENCE,615,18bfcaf7770e98b625a299d7a27ffda3eb15777ca32ef5d39f8e086627a8154f
04_EXECUTABLE_REFERENCE/DealPME_V3_Release/pass-transmission/PT-008/data/documents/DOC-AST-002.md,04_EXECUTABLE_REFERENCE,592,42a32621dd47e2537a3761f3ac67d26c54503da02a9b85e9e160b148536f69d5
04_EXECUTABLE_REFERENCE/DealPME_V3_Release/pass-transmission/PT-008/data/documents/DOC-AST-003.md,04_EXECUTABLE_REFERENCE,557,2a6019b7ee1390e15820fa314131603cc41b6d648dcb848ff2caea6a43af4b14
04_EXECUTABLE_REFERENCE/DealPME_V3_Release/pass-transmission/PT-008/data/documents/DOC-COM-001.md,04_EXECUTABLE_REFERENCE,570,7f457a95a0fff8a6155c626ab00614adbcb702fcde88a549a0ddab16ca8905e9
04_EXECUTABLE_REFERENCE/DealPME_V3_Release/pass-transmission/PT-008/data/documents/DOC-COM-002.md,04_EXECUTABLE_REFERENCE,654,e82578c054071ccf93237f4be0e70920ce9cdd6a11349d2016749d5e76e13e83
04_EXECUTABLE_REFERENCE/DealPME_V3_Release/pass-transmission/PT-008/data/documents/DOC-COR-001.md,04_EXECUTABLE_REFERENCE,590,1978ebb0227138a18b47c2ded4f518302522e8a7abbc27912bae7a2e875791f2
04_EXECUTABLE_REFERENCE/DealPME_V3_Release/pass-transmission/PT-008/data/documents/DOC-COR-002.md,04_EXECUTABLE_REFERENCE,647,156a01ddfb276c50da2fa4dc78fcc002076eaa8a53c91327dd244f837fdfe3ec
04_EXECUTABLE_REFERENCE/DealPME_V3_Release/pass-transmission/PT-008/data/documents/DOC-COR-003.md,04_EXECUTABLE_REFERENCE,599,4c30957bdc148fa454b540ab92fe06922ba169bfab80c991b247e1482ef391d6
04_EXECUTABLE_REFERENCE/DealPME_V3_Release/pass-transmission/PT-008/data/documents/DOC-EQT-001.md,04_EXECUTABLE_REFERENCE,591,6eb804b5a20d5658e1c98d00da07b93eed96d5309d27f650f8d47b7f4bea59cb
04_EXECUTABLE_REFERENCE/DealPME_V3_Release/pass-transmission/PT-008/data/documents/DOC-EQT-002.md,04_EXECUTABLE_REFERENCE,634,d3c93012635937e96223638865c59300033a7d59bc4f2b6d0a5697419fd5f88a
04_EXECUTABLE_REFERENCE/DealPME_V3_Release/pass-transmission/PT-008/data/documents/DOC-FIN-001.md,04_EXECUTABLE_REFERENCE,582,9a2ad0a69ec47987899f109757ed4b1dfb5113431b0e56faf638b4067e07849b
04_EXECUTABLE_REFERENCE/DealPME_V3_Release/pass-transmission/PT-008/data/documents/DOC-FIN-002.md,04_EXECUTABLE_REFERENCE,534,7651f62ff0a7d038ee56acc39a6f5c113b7643ca8174e67f72a3b58bb219708c
04_EXECUTABLE_REFERENCE/DealPME_V3_Release/pass-transmission/PT-008/data/documents/DOC-FIN-003.md,04_EXECUTABLE_REFERENCE,598,57e4fd5757dfdc180d89f8d58cfa2b74fa7987890784ee5d10eb7520cff4ae5e
04_EXECUTABLE_REFERENCE/DealPME_V3_Release/pass-transmission/PT-008/data/documents/DOC-FIN-004.md,04_EXECUTABLE_REFERENCE,570,cc422c3ff61b25f4ad27dc2d34cb3fb8462f72dd9ab61cb5ffd854fa6a3d598e
04_EXECUTABLE_REFERENCE/DealPME_V3_Release/pass-transmission/PT-008/data/documents/DOC-FIN-005.md,04_EXECUTABLE_REFERENCE,621,f675e8d8c7d99dd5d322f14aa31a3dd73b58c3ebc076d490bfbfd8ed09b79c01
04_EXECUTABLE_REFERENCE/DealPME_V3_Release/pass-transmission/PT-008/data/documents/DOC-FIN-006.md,04_EXECUTABLE_REFERENCE,603,047066711724eebb80e770671ed786bf1e55689b66290afcdbce1c134f3f2d08
04_EXECUTABLE_REFERENCE/DealPME_V3_Release/pass-transmission/PT-008/data/documents/DOC-HR-001.md,04_EXECUTABLE_REFERENCE,611,d0295baf5920aa6de0deb089f36f8ef5749c9fa0ebbaa60846a52e01da8dc384
04_EXECUTABLE_REFERENCE/DealPME_V3_Release/pass-transmission/PT-008/data/documents/DOC-HR-002.md,04_EXECUTABLE_REFERENCE,607,dd4332953cfb50443e9187fdbe580d351d48fe18c3a9ee6a4f457985c6dee1b6
04_EXECUTABLE_REFERENCE/DealPME_V3_Release/pass-transmission/PT-008/data/documents/DOC-OPS-003.md,04_EXECUTABLE_REFERENCE,618,9c5d77b98abf6c7355acc384f5c10b025043572eaae4dfd15d64b8f5a6b46d8e
04_EXECUTABLE_REFERENCE/DealPME_V3_Release/pass-transmission/PT-008/data/documents/DOC-REG-001.md,04_EXECUTABLE_REFERENCE,597,31c1bf16108b08736b92b56d619cd348e23e5917493820c5a8107b0eea402a36
04_EXECUTABLE_REFERENCE/DealPME_V3_Release/pass-transmission/PT-008/data/documents/DOC-REG-002.md,04_EXECUTABLE_REFERENCE,585,11e87b66f4fa3a5304dcc4f650bb9edeec538929e3b8112f73b797f13d785772
04_EXECUTABLE_REFERENCE/DealPME_V3_Release/pass-transmission/PT-008/data/documents/DOC-SUP-001.md,04_EXECUTABLE_REFERENCE,625,828af81af1182b3b66fb68f84d195568fc39d2df40d12fe9f05a29c1ed7ff727
04_EXECUTABLE_REFERENCE/DealPME_V3_Release/pass-transmission/PT-008/data/documents/DOC-SUP-002.md,04_EXECUTABLE_REFERENCE,585,0e1c7911c64f4b7aa946404f658c1391f6ceabb8c484e6e548a61bedeea5ed94
04_EXECUTABLE_REFERENCE/DealPME_V3_Release/pass-transmission/PT-008/data/documents/DOC-TAX-001.md,04_EXECUTABLE_REFERENCE,614,b0dfc846a6173712cfd8e4e2b8dd817a767376f6d324373c2ec2233c752ce8e5
04_EXECUTABLE_REFERENCE/DealPME_V3_Release/pass-transmission/PT-008/data/documents/DOC-TAX-002.md,04_EXECUTABLE_REFERENCE,584,dd8c8268da4265fc19c02f09f1a35192903f1b394db5c29e94cfacc12c51048b
04_EXECUTABLE_REFERENCE/DealPME_V3_Release/pass-transmission/PT-008/data/documents/DOC-TRX-001.md,04_EXECUTABLE_REFERENCE,627,81b54ae8de33def92c5c8fc5826fbed4ea2f48dca30e0d3ced4dafeaaf2047de
04_EXECUTABLE_REFERENCE/DealPME_V3_Release/pass-transmission/PT-008/data/documents/DOC-TRX-002.md,04_EXECUTABLE_REFERENCE,573,82340f295c3ef736605a922d08014baa148d861ba50d104c98d4296302461f73
04_EXECUTABLE_REFERENCE/DealPME_V3_Release/pass-transmission/PT-008/data/documents/DOC-TRX-003.md,04_EXECUTABLE_REFERENCE,614,44cfa30822386e0f44e9929009e1ff2c7b92c8eb946909d1d8235aba216eb862
04_EXECUTABLE_REFERENCE/DealPME_V3_Release/pass-transmission/PT-008/data/documents.json,04_EXECUTABLE_REFERENCE,18686,c27bca950154d142873f25a8fbd896c109192004ad0de3a3694409af8be1bdf5
04_EXECUTABLE_REFERENCE/DealPME_V3_Release/pass-transmission/PT-008/data/embed.js,04_EXECUTABLE_REFERENCE,99066,175743b39096cdb10535dd552be7cf98facb6a2fa0910a82b7689e9f97e61dcc
04_EXECUTABLE_REFERENCE/DealPME_V3_Release/pass-transmission/PT-008/data/engagement-pulse.json,04_EXECUTABLE_REFERENCE,999,f1c50df0789d83a6fd02eba8d9483c8e1b02fef6f645cd0cce32267407f88881
04_EXECUTABLE_REFERENCE/DealPME_V3_Release/pass-transmission/PT-008/data/evidence-map.json,04_EXECUTABLE_REFERENCE,10080,1cb9846b205256894247b1dda3141a611cd22df2375656ee5647f1d1795ecf8e
04_EXECUTABLE_REFERENCE/DealPME_V3_Release/pass-transmission/PT-008/data/financial-tieout.json,04_EXECUTABLE_REFERENCE,1076,21a11ec4f3804dad587c30445e69ee208a1b4d3884b024ffcae1879018d90e3e
04_EXECUTABLE_REFERENCE/DealPME_V3_Release/pass-transmission/PT-008/data/fixture.v3.json,04_EXECUTABLE_REFERENCE,62362,0f025fb58d966413807069148d3f20042de0adf203a2dacc7b54c55d869e6687
04_EXECUTABLE_REFERENCE/DealPME_V3_Release/pass-transmission/PT-008/data/interaction-contract.json,04_EXECUTABLE_REFERENCE,11729,da796969399b62ffd47fcea32b60db01302965a0f533aed6cad762416e1d1d09
04_EXECUTABLE_REFERENCE/DealPME_V3_Release/pass-transmission/PT-008/data/interaction-contract.vdr.json,04_EXECUTABLE_REFERENCE,12681,38d718f720093fb9212018bef2a231831a5be4f359da92877485d58cd5e4bafe
04_EXECUTABLE_REFERENCE/DealPME_V3_Release/pass-transmission/PT-008/data/q-and-a.json,04_EXECUTABLE_REFERENCE,5317,27e0b069dd285a2e0b2020634edc2cdeab8a36f54cbf62be46eac99b95708682
04_EXECUTABLE_REFERENCE/DealPME_V3_Release/pass-transmission/PT-008/data/redaction-proposals.json,04_EXECUTABLE_REFERENCE,646,0033252220620ede7ca3495b1805d6952ffcdb9a4989574024f2b26dc93d2b9a
04_EXECUTABLE_REFERENCE/DealPME_V3_Release/pass-transmission/PT-008/data/risks.json,04_EXECUTABLE_REFERENCE,5414,be4ccf2738cfa241202311e470ba696d3c4bef35bc94322c21290310875867f7
04_EXECUTABLE_REFERENCE/DealPME_V3_Release/pass-transmission/PT-008/data/vdr-intelligence-fixture.json,04_EXECUTABLE_REFERENCE,109127,740dea97279215a4560106af710faf28167c477ca9afd0055bc76ea87fe4ed4f
04_EXECUTABLE_REFERENCE/DealPME_V3_Release/pass-transmission/PT-008/data/version-intelligence.json,04_EXECUTABLE_REFERENCE,670,ea72fcf16bddfd63a59db6137ec1a6f9365e7c4ec46902cf17815b9b0c9547d1
04_EXECUTABLE_REFERENCE/DealPME_V3_Release/pass-transmission/PT-008/index.html,04_EXECUTABLE_REFERENCE,360,39aa8bd7c48d2322cc03c6685b8b573d18dd9e4482451ed3e56e3ee3a8377134
04_EXECUTABLE_REFERENCE/DealPME_V3_Release/pass-transmission/PT-008/sample.md,04_EXECUTABLE_REFERENCE,1758,da1f7485ce6ed638750eb52beec8c030fae048dcd23342cf3b67a2726c0ad310
04_EXECUTABLE_REFERENCE/DealPME_V3_Release/pass-transmission/PT-008/standalone.html,04_EXECUTABLE_REFERENCE,152616,3f4d1d5c60a7aee8275ac9b338a2180a860ae417e35b9ce1d4a6c995bfee793f
04_EXECUTABLE_REFERENCE/DealPME_V3_Release/pass-transmission/PT-008/styles.css,04_EXECUTABLE_REFERENCE,17126,6ec9d6aa72d6a068543f932f3cca0db5f86defde101f11d500a07e3762d3c777
04_EXECUTABLE_REFERENCE/DealPME_V3_Release/pass-transmission/PT-008/vdr-intelligence/README.md,04_EXECUTABLE_REFERENCE,333,bf71d781daf8494ef3fcb15239961f0f2c2924949eb93d537d908531a2bd0983
04_EXECUTABLE_REFERENCE/DealPME_V3_Release/pass-transmission/PT-008/vdr-intelligence/app.js,04_EXECUTABLE_REFERENCE,19993,efa2ee5d6c9bc713963a2738d8c9860671f932edb4ff2a0c6a8af615534d9bc3
04_EXECUTABLE_REFERENCE/DealPME_V3_Release/pass-transmission/PT-008/vdr-intelligence/data/embed.js,04_EXECUTABLE_REFERENCE,91306,a0f8a787a6365514c1cec423f4585d0068d4d79655523c8df460c40973c5f880
04_EXECUTABLE_REFERENCE/DealPME_V3_Release/pass-transmission/PT-008/vdr-intelligence/index.html,04_EXECUTABLE_REFERENCE,330,ef56254bf26606e6d5e89f1dc39fd407eb2b06cb4f2d002f9d69505b59f4f55f
04_EXECUTABLE_REFERENCE/DealPME_V3_Release/pass-transmission/PT-008/vdr-intelligence/standalone.html,04_EXECUTABLE_REFERENCE,118201,ac89bc675b60bf3c049db4cda3bd9da355563adc69599c771997f0f3f86709f5
04_EXECUTABLE_REFERENCE/DealPME_V3_Release/pass-transmission/PT-008/vdr-intelligence/styles.css,04_EXECUTABLE_REFERENCE,6631,d3242f29ba66fa596c3998732a70e45611f4d8ce58ed77beda1d961c57d9f6a0
04_EXECUTABLE_REFERENCE/DealPME_V3_Release/pass-transmission/PT-009/DEV_INDEX.md,04_EXECUTABLE_REFERENCE,1110,fa84df3800ba7c97812a918d838d4ff992832b3f28b41a50eda64d2510a9e273
04_EXECUTABLE_REFERENCE/DealPME_V3_Release/pass-transmission/PT-009/app.js,04_EXECUTABLE_REFERENCE,36112,b28b6e3485ce03f16ff406c630a234cfc94df19ee672459ff4d4b5da19b13d01
04_EXECUTABLE_REFERENCE/DealPME_V3_Release/pass-transmission/PT-009/assets/dealpme-logo.jpg,04_EXECUTABLE_REFERENCE,16596,14e96ab26c9d691bb9a34716f8006869e12f6e99e6778a98967280fcb83dacc8
04_EXECUTABLE_REFERENCE/DealPME_V3_Release/pass-transmission/PT-009/data/access-matrix.json,04_EXECUTABLE_REFERENCE,2407,a2e8fe5e91daa6092595f33f159969fdbed837c91fc5347a63910518481c853d
04_EXECUTABLE_REFERENCE/DealPME_V3_Release/pass-transmission/PT-009/data/deallens-policy.json,04_EXECUTABLE_REFERENCE,645,0f2ec290d4722837c211b31362c4d4742f9e5fccd871610c92013b20cbb6c9fb
04_EXECUTABLE_REFERENCE/DealPME_V3_Release/pass-transmission/PT-009/data/diligence-coverage.json,04_EXECUTABLE_REFERENCE,2152,24b98bf7510d3b9d56ade7f653e1258a6f1e0b4f7f52447beb215785f11c8638
04_EXECUTABLE_REFERENCE/DealPME_V3_Release/pass-transmission/PT-009/data/document-intelligence.json,04_EXECUTABLE_REFERENCE,41076,04385ee4978586dfbd8f8c90f1a5c6f2432304c6f006b3d4e87d301cf858a990
04_EXECUTABLE_REFERENCE/DealPME_V3_Release/pass-transmission/PT-009/data/documents/DOC-AST-001.md,04_EXECUTABLE_REFERENCE,597,a66b416da2f4d35e95392dcc725345760aa4e3986330bd60fa1356eed8ddbe12
04_EXECUTABLE_REFERENCE/DealPME_V3_Release/pass-transmission/PT-009/data/documents/DOC-AST-002.md,04_EXECUTABLE_REFERENCE,582,ce51e81021e81547a163202ff98335ef0f2387665f659bf5677a4eb634f60a09
04_EXECUTABLE_REFERENCE/DealPME_V3_Release/pass-transmission/PT-009/data/documents/DOC-AST-003.md,04_EXECUTABLE_REFERENCE,546,203722986f1041f1678a0ae758b7b9ff5e00d4c144c344ffdb79f9192862d58f
04_EXECUTABLE_REFERENCE/DealPME_V3_Release/pass-transmission/PT-009/data/documents/DOC-COM-001.md,04_EXECUTABLE_REFERENCE,560,bd435081d4d8d554a7523208d462230cfee5ed0a6701982ed9517ee3898e22ad
04_EXECUTABLE_REFERENCE/DealPME_V3_Release/pass-transmission/PT-009/data/documents/DOC-COM-002.md,04_EXECUTABLE_REFERENCE,636,8503c66e15d6063ab3ffd919cc9709af2338b8f537ce0c177a8e0e477d04fc76
04_EXECUTABLE_REFERENCE/DealPME_V3_Release/pass-transmission/PT-009/data/documents/DOC-COR-001.md,04_EXECUTABLE_REFERENCE,578,7de4470430d5bf740552e673734de3daa14b6d797c13a9c16077a49edd4e378b
04_EXECUTABLE_REFERENCE/DealPME_V3_Release/pass-transmission/PT-009/data/documents/DOC-COR-002.md,04_EXECUTABLE_REFERENCE,619,14092e0e26d22ecd2e248210755d287b4e6f308a861de9e2ab41fb5100d6648b
04_EXECUTABLE_REFERENCE/DealPME_V3_Release/pass-transmission/PT-009/data/documents/DOC-COR-003.md,04_EXECUTABLE_REFERENCE,589,5a7ded21f287e3f026d9e2ece5fb4fd3b7a1c4927ee81634815bf0256e09c38c
04_EXECUTABLE_REFERENCE/DealPME_V3_Release/pass-transmission/PT-009/data/documents/DOC-EQT-001.md,04_EXECUTABLE_REFERENCE,581,5a94615c10dca804442a977214ba26092f0b62edcdc7609b9c7d8d15cf9a1a14
04_EXECUTABLE_REFERENCE/DealPME_V3_Release/pass-transmission/PT-009/data/documents/DOC-EQT-002.md,04_EXECUTABLE_REFERENCE,624,957d659d28237669da68bbaff4972fc47c1c044a4335697d27891f09184da55c
04_EXECUTABLE_REFERENCE/DealPME_V3_Release/pass-transmission/PT-009/data/documents/DOC-FIN-001.md,04_EXECUTABLE_REFERENCE,572,85afa47c595d565888c256a14e522bffe94e19796e129954d47df972b9453f33
04_EXECUTABLE_REFERENCE/DealPME_V3_Release/pass-transmission/PT-009/data/documents/DOC-FIN-002.md,04_EXECUTABLE_REFERENCE,524,4dc41fd301e177fbec9e2bb00e6f68a3a173daae35123aa460ce32c926d85061
04_EXECUTABLE_REFERENCE/DealPME_V3_Release/pass-transmission/PT-009/data/documents/DOC-FIN-003.md,04_EXECUTABLE_REFERENCE,588,1a54be17e93770e9218c1f0abd2c4d80eaf04224e16e994c96e27aa58171d079
04_EXECUTABLE_REFERENCE/DealPME_V3_Release/pass-transmission/PT-009/data/documents/DOC-FIN-004.md,04_EXECUTABLE_REFERENCE,556,10144075d60d1aa437f66b75972189b7d1e553ed1d7a7511a9983f1f2c5f7316
04_EXECUTABLE_REFERENCE/DealPME_V3_Release/pass-transmission/PT-009/data/documents/DOC-FIN-005.md,04_EXECUTABLE_REFERENCE,611,9e32aab54869cc6c906c7f9358b7549b2120c71265a5f586575868373ff5ee45
04_EXECUTABLE_REFERENCE/DealPME_V3_Release/pass-transmission/PT-009/data/documents/DOC-FIN-006.md,04_EXECUTABLE_REFERENCE,585,5661002969f464bf1a11655320533554e3a88b9e2efe39ade9e026db807eeb76
04_EXECUTABLE_REFERENCE/DealPME_V3_Release/pass-transmission/PT-009/data/documents/DOC-HR-001.md,04_EXECUTABLE_REFERENCE,600,cd7be27645ecbddb2ee435566aaca4d2a751861526408361871d9a9dcc4632ba
04_EXECUTABLE_REFERENCE/DealPME_V3_Release/pass-transmission/PT-009/data/documents/DOC-HR-002.md,04_EXECUTABLE_REFERENCE,597,e1a0130683bf86a4a6715d371ae14a0eed12eb87a6c562b515c3c1e0256d5fc8
04_EXECUTABLE_REFERENCE/DealPME_V3_Release/pass-transmission/PT-009/data/documents/DOC-OPS-003.md,04_EXECUTABLE_REFERENCE,598,a3611fe69242f8b2d2725464e1be0dfedf15e882cfe1b29db5e604f20c7b2102
04_EXECUTABLE_REFERENCE/DealPME_V3_Release/pass-transmission/PT-009/data/documents/DOC-REG-001.md,04_EXECUTABLE_REFERENCE,579,ecb68b3cd8cf4bb2d72b5932404a7c8448792cc88d66512ace153c278bd7a49a
04_EXECUTABLE_REFERENCE/DealPME_V3_Release/pass-transmission/PT-009/data/documents/DOC-REG-002.md,04_EXECUTABLE_REFERENCE,575,111d5240f61d86405fc1fd23c0a5554aa85d08be1a189ffd63be3310ab7a3095
04_EXECUTABLE_REFERENCE/DealPME_V3_Release/pass-transmission/PT-009/data/documents/DOC-SUP-001.md,04_EXECUTABLE_REFERENCE,605,1d3595e40795015193d36c9d4bdee85a34bf04307a4880583e6c745d92a46bf0
04_EXECUTABLE_REFERENCE/DealPME_V3_Release/pass-transmission/PT-009/data/documents/DOC-SUP-002.md,04_EXECUTABLE_REFERENCE,575,63b38db502a4aa1c05b561fd22be03001dcccf02cb76b3f66f6f713bbe1ea0ab
04_EXECUTABLE_REFERENCE/DealPME_V3_Release/pass-transmission/PT-009/data/documents/DOC-TAX-001.md,04_EXECUTABLE_REFERENCE,604,567b910c0dfc6d1a1a1a9edf0cd5f15f34599eacebff8864bb58b2f8ab482641
04_EXECUTABLE_REFERENCE/DealPME_V3_Release/pass-transmission/PT-009/data/documents/DOC-TAX-002.md,04_EXECUTABLE_REFERENCE,574,028df79e51630e042c8a36b66c2870d0479109c4a7534bd4a282445348c92f4c
04_EXECUTABLE_REFERENCE/DealPME_V3_Release/pass-transmission/PT-009/data/documents/DOC-TRX-001.md,04_EXECUTABLE_REFERENCE,617,0e6900ddb2f35128521c766acb70cbe03c91ef7a729e1ede46116f15e6838eb4
04_EXECUTABLE_REFERENCE/DealPME_V3_Release/pass-transmission/PT-009/data/documents/DOC-TRX-002.md,04_EXECUTABLE_REFERENCE,563,8b3d0315ba20ad2870d0f87b865f69777c06fd42af0f945595902db0b8c1a078
04_EXECUTABLE_REFERENCE/DealPME_V3_Release/pass-transmission/PT-009/data/documents/DOC-TRX-003.md,04_EXECUTABLE_REFERENCE,604,7dd672fc88944b1ba5663f183b2b2d3f6d8874530ed2c16f7a92cd59e77a0c81
04_EXECUTABLE_REFERENCE/DealPME_V3_Release/pass-transmission/PT-009/data/documents.json,04_EXECUTABLE_REFERENCE,18608,3a4ddd631bb2e35de08482348d038700baf2850c55d889560f5cb4c2d79165b6
04_EXECUTABLE_REFERENCE/DealPME_V3_Release/pass-transmission/PT-009/data/embed.js,04_EXECUTABLE_REFERENCE,98318,3ddf92c6ebe516afdca7421835a65ffaeb5e3c28759c9ed471bb0b45f321de12
04_EXECUTABLE_REFERENCE/DealPME_V3_Release/pass-transmission/PT-009/data/engagement-pulse.json,04_EXECUTABLE_REFERENCE,999,8d9831fecfffc5010035297602b05b702033ccafa914b5fb6c866872d0ba3491
04_EXECUTABLE_REFERENCE/DealPME_V3_Release/pass-transmission/PT-009/data/evidence-map.json,04_EXECUTABLE_REFERENCE,10073,fa3e64ab7a72f71da717f0ef083204bc0a0b8b3417051a88dd656b1ce93ec230
04_EXECUTABLE_REFERENCE/DealPME_V3_Release/pass-transmission/PT-009/data/financial-tieout.json,04_EXECUTABLE_REFERENCE,1076,345a314fbe41b9cbceae7fa7ed8b2c77bd19f439b1760e72f3ddbeb7e79986cd
04_EXECUTABLE_REFERENCE/DealPME_V3_Release/pass-transmission/PT-009/data/fixture.v3.json,04_EXECUTABLE_REFERENCE,62095,29ffec9181f3d00404ebc68e3a0bf426355de1bc6a6d1a18d3c460d734d1f3c2
04_EXECUTABLE_REFERENCE/DealPME_V3_Release/pass-transmission/PT-009/data/interaction-contract.json,04_EXECUTABLE_REFERENCE,11729,5901b72c5a3708cf7c061417cd4a718924063f87b0bcffad984cf5ddd89d0014
04_EXECUTABLE_REFERENCE/DealPME_V3_Release/pass-transmission/PT-009/data/interaction-contract.vdr.json,04_EXECUTABLE_REFERENCE,12681,302771426b422a97c487f145775e983aa77fc21941003d17324ebbb1efc2a4df
04_EXECUTABLE_REFERENCE/DealPME_V3_Release/pass-transmission/PT-009/data/q-and-a.json,04_EXECUTABLE_REFERENCE,5317,27e0b069dd285a2e0b2020634edc2cdeab8a36f54cbf62be46eac99b95708682
04_EXECUTABLE_REFERENCE/DealPME_V3_Release/pass-transmission/PT-009/data/redaction-proposals.json,04_EXECUTABLE_REFERENCE,646,8812434d2e2d7f664a29cd78901c598a918aecd0ba598befb34d16e4caea1fc6
04_EXECUTABLE_REFERENCE/DealPME_V3_Release/pass-transmission/PT-009/data/risks.json,04_EXECUTABLE_REFERENCE,5369,5c65d20a3d2dba2525437c34c6e3ba6577042a1e63fbbf06dd0d9ea136256fec
04_EXECUTABLE_REFERENCE/DealPME_V3_Release/pass-transmission/PT-009/data/vdr-intelligence-fixture.json,04_EXECUTABLE_REFERENCE,108903,0e11774b1bf299b4a1c96a9331990f5a4a904d0581fa2d42fb6acfa82ea0c98b
04_EXECUTABLE_REFERENCE/DealPME_V3_Release/pass-transmission/PT-009/data/version-intelligence.json,04_EXECUTABLE_REFERENCE,670,aee2e202639c1d9d3f7ba85c0c5a837d3fc7108f3e767f92f77875bb82ece40f
04_EXECUTABLE_REFERENCE/DealPME_V3_Release/pass-transmission/PT-009/index.html,04_EXECUTABLE_REFERENCE,360,74a415342b5ec279e145e97ca0b6ae76f3160626f2a9efa71c5c91f95e8eefa2
04_EXECUTABLE_REFERENCE/DealPME_V3_Release/pass-transmission/PT-009/sample.md,04_EXECUTABLE_REFERENCE,1718,3a2aeb83f7408330291a24b0096af4747bb1782d7e68a88cb9187bc168d17a7b
04_EXECUTABLE_REFERENCE/DealPME_V3_Release/pass-transmission/PT-009/standalone.html,04_EXECUTABLE_REFERENCE,151868,5a5d64cd9fa154bdb7d2911a75803fafc329ab4c8294bf0b0a877a05f4969a3b
04_EXECUTABLE_REFERENCE/DealPME_V3_Release/pass-transmission/PT-009/styles.css,04_EXECUTABLE_REFERENCE,17126,6ec9d6aa72d6a068543f932f3cca0db5f86defde101f11d500a07e3762d3c777
04_EXECUTABLE_REFERENCE/DealPME_V3_Release/pass-transmission/PT-009/vdr-intelligence/README.md,04_EXECUTABLE_REFERENCE,323,fd8fd4886fc0347960339656e65e39b36ee088f9d1d07fdf1c2b33e0db60236f
04_EXECUTABLE_REFERENCE/DealPME_V3_Release/pass-transmission/PT-009/vdr-intelligence/app.js,04_EXECUTABLE_REFERENCE,19993,efa2ee5d6c9bc713963a2738d8c9860671f932edb4ff2a0c6a8af615534d9bc3
04_EXECUTABLE_REFERENCE/DealPME_V3_Release/pass-transmission/PT-009/vdr-intelligence/data/embed.js,04_EXECUTABLE_REFERENCE,90698,a5ba9773f928fe40f644d19792bd0521c86b452f86fdf126bcc85ef1e613789d
04_EXECUTABLE_REFERENCE/DealPME_V3_Release/pass-transmission/PT-009/vdr-intelligence/index.html,04_EXECUTABLE_REFERENCE,330,ef56254bf26606e6d5e89f1dc39fd407eb2b06cb4f2d002f9d69505b59f4f55f
04_EXECUTABLE_REFERENCE/DealPME_V3_Release/pass-transmission/PT-009/vdr-intelligence/standalone.html,04_EXECUTABLE_REFERENCE,117593,501b4bf33401153824dc1086df7b3dd595b80dc5447b198f4d3e8723a9d0bd06
04_EXECUTABLE_REFERENCE/DealPME_V3_Release/pass-transmission/PT-009/vdr-intelligence/styles.css,04_EXECUTABLE_REFERENCE,6631,d3242f29ba66fa596c3998732a70e45611f4d8ce58ed77beda1d961c57d9f6a0
04_EXECUTABLE_REFERENCE/DealPME_V3_Release/pass-transmission/PT-010/DEV_INDEX.md,04_EXECUTABLE_REFERENCE,1110,d6c51790fbe0e23d0de894b37093f01fc844cb6e4e4f4f65f312e04cdf261726
04_EXECUTABLE_REFERENCE/DealPME_V3_Release/pass-transmission/PT-010/app.js,04_EXECUTABLE_REFERENCE,36112,b28b6e3485ce03f16ff406c630a234cfc94df19ee672459ff4d4b5da19b13d01
04_EXECUTABLE_REFERENCE/DealPME_V3_Release/pass-transmission/PT-010/assets/dealpme-logo.jpg,04_EXECUTABLE_REFERENCE,16596,14e96ab26c9d691bb9a34716f8006869e12f6e99e6778a98967280fcb83dacc8
04_EXECUTABLE_REFERENCE/DealPME_V3_Release/pass-transmission/PT-010/data/access-matrix.json,04_EXECUTABLE_REFERENCE,2407,c0b356e1b390b02655a837aef616a607e687a7e49f85dd678be504251c491416
04_EXECUTABLE_REFERENCE/DealPME_V3_Release/pass-transmission/PT-010/data/deallens-policy.json,04_EXECUTABLE_REFERENCE,645,1b4a7d0540c9b07a231845c657f4ebfe65a32933ee5df56c8a6b4eece9b157bf
04_EXECUTABLE_REFERENCE/DealPME_V3_Release/pass-transmission/PT-010/data/diligence-coverage.json,04_EXECUTABLE_REFERENCE,2152,8191248f36f104c302930cb2a695757880a8c118c0ac6ccea46d54999bf1fcd3
04_EXECUTABLE_REFERENCE/DealPME_V3_Release/pass-transmission/PT-010/data/document-intelligence.json,04_EXECUTABLE_REFERENCE,41159,ffa7ba2aba0939a10671a8d967a81aabcbb4f3d5c8eec4ef1db3071e895f0514
04_EXECUTABLE_REFERENCE/DealPME_V3_Release/pass-transmission/PT-010/data/documents/DOC-AST-001.md,04_EXECUTABLE_REFERENCE,611,aa8ed79faa90364a201f925faeb851ee5280d681383ade070e94fdc070acb850
04_EXECUTABLE_REFERENCE/DealPME_V3_Release/pass-transmission/PT-010/data/documents/DOC-AST-002.md,04_EXECUTABLE_REFERENCE,593,8548cf095eca494c4f39d7e222a77da12b7fe913cc94650cdb1783fefe747aee
04_EXECUTABLE_REFERENCE/DealPME_V3_Release/pass-transmission/PT-010/data/documents/DOC-AST-003.md,04_EXECUTABLE_REFERENCE,558,66725547bc52ac8edc89cc3c4447b0e4bf49aad92deee8a295fa397e5663ae43
04_EXECUTABLE_REFERENCE/DealPME_V3_Release/pass-transmission/PT-010/data/documents/DOC-COM-001.md,04_EXECUTABLE_REFERENCE,571,eb20eea530915d28a9c5ec6a8e2095f52d6f47ed55672c926429c68ac829d6dd
04_EXECUTABLE_REFERENCE/DealPME_V3_Release/pass-transmission/PT-010/data/documents/DOC-COM-002.md,04_EXECUTABLE_REFERENCE,650,8268328dad331bcdc49d0c80cf3959903780f5f8cdd0732bbd8ac855373bc281
04_EXECUTABLE_REFERENCE/DealPME_V3_Release/pass-transmission/PT-010/data/documents/DOC-COR-001.md,04_EXECUTABLE_REFERENCE,599,45531ed199487ad00927e1c48538a7984660c5507f7c249a82b13ae23d87eac0
04_EXECUTABLE_REFERENCE/DealPME_V3_Release/pass-transmission/PT-010/data/documents/DOC-COR-002.md,04_EXECUTABLE_REFERENCE,644,6eefebc2d08599a41221f27bcddfab7a51575c67c28c654980e78cc965d972b2
04_EXECUTABLE_REFERENCE/DealPME_V3_Release/pass-transmission/PT-010/data/documents/DOC-COR-003.md,04_EXECUTABLE_REFERENCE,600,1b8f6614a162e1f1585bc4d926566d79752d693fe3244977c1381ece7b91bdc4
04_EXECUTABLE_REFERENCE/DealPME_V3_Release/pass-transmission/PT-010/data/documents/DOC-EQT-001.md,04_EXECUTABLE_REFERENCE,592,5a0444a26c531e692a04c004a24037a157994ca6f6f7955e0850ace8f9d39b49
04_EXECUTABLE_REFERENCE/DealPME_V3_Release/pass-transmission/PT-010/data/documents/DOC-EQT-002.md,04_EXECUTABLE_REFERENCE,635,f299e3bef913b03112886425202088fd59923e0773334168d9294ed5d3363770
04_EXECUTABLE_REFERENCE/DealPME_V3_Release/pass-transmission/PT-010/data/documents/DOC-FIN-001.md,04_EXECUTABLE_REFERENCE,583,3285fcc9f6a04fcc3fe659ecb2492c709e2aa149bbb80267087bbe7433093db9
04_EXECUTABLE_REFERENCE/DealPME_V3_Release/pass-transmission/PT-010/data/documents/DOC-FIN-002.md,04_EXECUTABLE_REFERENCE,535,7280932eccc8afe9a3e9959550d017ef665750ec5c0e5962aeb2298f17ee52df
04_EXECUTABLE_REFERENCE/DealPME_V3_Release/pass-transmission/PT-010/data/documents/DOC-FIN-003.md,04_EXECUTABLE_REFERENCE,599,fd0778fa20dfb995e56af74b75d620edf5c00b668b69f210117df49b9ddd8957
04_EXECUTABLE_REFERENCE/DealPME_V3_Release/pass-transmission/PT-010/data/documents/DOC-FIN-004.md,04_EXECUTABLE_REFERENCE,567,6fbdd5f0fe0efe212e1da419c14ab04b1c3e4c819bc783a266e2aa45995f661c
04_EXECUTABLE_REFERENCE/DealPME_V3_Release/pass-transmission/PT-010/data/documents/DOC-FIN-005.md,04_EXECUTABLE_REFERENCE,622,83c31d26fc6a3d47d050529e31ef6e88cd0296febde78f38d7a07a2f0a274360
04_EXECUTABLE_REFERENCE/DealPME_V3_Release/pass-transmission/PT-010/data/documents/DOC-FIN-006.md,04_EXECUTABLE_REFERENCE,599,47abd0c3a609548084afc1bd36e020f5583e456469985b67cfe3144f096d9f46
04_EXECUTABLE_REFERENCE/DealPME_V3_Release/pass-transmission/PT-010/data/documents/DOC-HR-001.md,04_EXECUTABLE_REFERENCE,611,b05c978cfbaf108486cd26e5af1e2f1f6e837236a67e4a8eba7589d4b72d2f5e
04_EXECUTABLE_REFERENCE/DealPME_V3_Release/pass-transmission/PT-010/data/documents/DOC-HR-002.md,04_EXECUTABLE_REFERENCE,608,7cf2680f14deaa5ff3d8b4f3fb572fd03f3480aaa249928c0912993234280157
04_EXECUTABLE_REFERENCE/DealPME_V3_Release/pass-transmission/PT-010/data/documents/DOC-OPS-003.md,04_EXECUTABLE_REFERENCE,620,d881f24ad83018773fe72bbc684ad103bf8aa56a03d84d5e502a2f69efa8a5f4
04_EXECUTABLE_REFERENCE/DealPME_V3_Release/pass-transmission/PT-010/data/documents/DOC-REG-001.md,04_EXECUTABLE_REFERENCE,593,247e09d063e2e26869bf98db03a77e264614d76457a3d0bb5ab8cea01ece5157
04_EXECUTABLE_REFERENCE/DealPME_V3_Release/pass-transmission/PT-010/data/documents/DOC-REG-002.md,04_EXECUTABLE_REFERENCE,586,9bbeb66a220b650a4e2a5b9c64205c4cbfc319334529df231757c02023404f90
04_EXECUTABLE_REFERENCE/DealPME_V3_Release/pass-transmission/PT-010/data/documents/DOC-SUP-001.md,04_EXECUTABLE_REFERENCE,627,ce8af8e9f623ac8094c64100f44938952abd17b6e7265cdeb86e56430dbcec15
04_EXECUTABLE_REFERENCE/DealPME_V3_Release/pass-transmission/PT-010/data/documents/DOC-SUP-002.md,04_EXECUTABLE_REFERENCE,586,ccebde118d626f8b2aafbc0286bd7924dc5032fb9bf33e1da3c48485e25dec1c
04_EXECUTABLE_REFERENCE/DealPME_V3_Release/pass-transmission/PT-010/data/documents/DOC-TAX-001.md,04_EXECUTABLE_REFERENCE,615,b1a0ecc5dc105c2ac5771b310b7cc952612d347f18d09cfbad3d3327f21f2de4
04_EXECUTABLE_REFERENCE/DealPME_V3_Release/pass-transmission/PT-010/data/documents/DOC-TAX-002.md,04_EXECUTABLE_REFERENCE,585,3495517146fb69728c1f6257cd9d656a370290d1fa0bdf53a8feaac9dc8ad38c
04_EXECUTABLE_REFERENCE/DealPME_V3_Release/pass-transmission/PT-010/data/documents/DOC-TRX-001.md,04_EXECUTABLE_REFERENCE,628,c5d33997ec4a42106cf4a3d0213cf21cc738b247c70633744587a87200b0a92e
04_EXECUTABLE_REFERENCE/DealPME_V3_Release/pass-transmission/PT-010/data/documents/DOC-TRX-002.md,04_EXECUTABLE_REFERENCE,574,8909e0e06789360eb5773f600d7ce379ecec9dc9a4f342c5b09050bc1dcb345d
04_EXECUTABLE_REFERENCE/DealPME_V3_Release/pass-transmission/PT-010/data/documents/DOC-TRX-003.md,04_EXECUTABLE_REFERENCE,615,4cea3f39578e8a4da47675d394c02d2431b5a7cc58f2acf6be2baef2ce8f48b3
04_EXECUTABLE_REFERENCE/DealPME_V3_Release/pass-transmission/PT-010/data/documents.json,04_EXECUTABLE_REFERENCE,18667,d1b45b4e5a160472fdadcfbd4f64d01ca2116fd44d3477c3f81a2f2885715af9
04_EXECUTABLE_REFERENCE/DealPME_V3_Release/pass-transmission/PT-010/data/embed.js,04_EXECUTABLE_REFERENCE,99111,14daded3db3d64cd3ba00abf8725d434803c113f49a506bc4c1d52007b9de466
04_EXECUTABLE_REFERENCE/DealPME_V3_Release/pass-transmission/PT-010/data/engagement-pulse.json,04_EXECUTABLE_REFERENCE,999,aa1bb884d3e9589edf15fabfbe1a2a4f70f548307e1d93efe068376a459f3177
04_EXECUTABLE_REFERENCE/DealPME_V3_Release/pass-transmission/PT-010/data/evidence-map.json,04_EXECUTABLE_REFERENCE,10085,0857511ca57a397bae57751ca86ba60a232cfbaa765e84facf9bde04912a40ea
04_EXECUTABLE_REFERENCE/DealPME_V3_Release/pass-transmission/PT-010/data/financial-tieout.json,04_EXECUTABLE_REFERENCE,1076,f09ef2e3fad7de85d2563d80316437e1e77fcd37768c6da11a1601e15473269a
04_EXECUTABLE_REFERENCE/DealPME_V3_Release/pass-transmission/PT-010/data/fixture.v3.json,04_EXECUTABLE_REFERENCE,62424,d04f888ee07ce1580d1b9fabd6de6fb73a54bbc53a02632ecf708e24aa1af024
04_EXECUTABLE_REFERENCE/DealPME_V3_Release/pass-transmission/PT-010/data/interaction-contract.json,04_EXECUTABLE_REFERENCE,11729,ae295a120e57c5f97f88316b8ad340d3f2151a6d2b0bb1092e14818beabd9a0b
04_EXECUTABLE_REFERENCE/DealPME_V3_Release/pass-transmission/PT-010/data/interaction-contract.vdr.json,04_EXECUTABLE_REFERENCE,12681,4b3815b55b5d6f9399e334439b4aaf6b718c6569eaf90c2341dfac5d05d61117
04_EXECUTABLE_REFERENCE/DealPME_V3_Release/pass-transmission/PT-010/data/q-and-a.json,04_EXECUTABLE_REFERENCE,5317,27e0b069dd285a2e0b2020634edc2cdeab8a36f54cbf62be46eac99b95708682
04_EXECUTABLE_REFERENCE/DealPME_V3_Release/pass-transmission/PT-010/data/redaction-proposals.json,04_EXECUTABLE_REFERENCE,646,40fb705052eeb3ab8d262a00dd1527050e2bd1052441b6f0cc5e84e398ae46cd
04_EXECUTABLE_REFERENCE/DealPME_V3_Release/pass-transmission/PT-010/data/risks.json,04_EXECUTABLE_REFERENCE,5414,7cb06c62bcbaa0de72267d9156abbf3725bcb9caaa72871a49847135be09da97
04_EXECUTABLE_REFERENCE/DealPME_V3_Release/pass-transmission/PT-010/data/vdr-intelligence-fixture.json,04_EXECUTABLE_REFERENCE,109102,a6aedfab6f959df6fb890185ebd1ba1e31312af70d0ce88fa5d8216c853f7233
04_EXECUTABLE_REFERENCE/DealPME_V3_Release/pass-transmission/PT-010/data/version-intelligence.json,04_EXECUTABLE_REFERENCE,670,2c28f76db33dafcf68031021b3c39e5194e32b621a6ca5a56d665799ef17b1c8
04_EXECUTABLE_REFERENCE/DealPME_V3_Release/pass-transmission/PT-010/index.html,04_EXECUTABLE_REFERENCE,360,97cebcaf92ea78f3b1db3126e912da68585db05de985f124fe17e2582fb82316
04_EXECUTABLE_REFERENCE/DealPME_V3_Release/pass-transmission/PT-010/sample.md,04_EXECUTABLE_REFERENCE,1784,c0c0efe94a4cc6a1734aeeb18c1c1c6fc5e5e55d99fde5578e9afbaf440b318b
04_EXECUTABLE_REFERENCE/DealPME_V3_Release/pass-transmission/PT-010/standalone.html,04_EXECUTABLE_REFERENCE,152661,1440dbcacfdc40a6614c707f476baa103775503ec864bf6f526ebb572846d919
04_EXECUTABLE_REFERENCE/DealPME_V3_Release/pass-transmission/PT-010/styles.css,04_EXECUTABLE_REFERENCE,17126,6ec9d6aa72d6a068543f932f3cca0db5f86defde101f11d500a07e3762d3c777
04_EXECUTABLE_REFERENCE/DealPME_V3_Release/pass-transmission/PT-010/vdr-intelligence/README.md,04_EXECUTABLE_REFERENCE,334,95ab7293b03321f6b4b53359f62abbdb579ed7f05821d509facbecbde61afe41
04_EXECUTABLE_REFERENCE/DealPME_V3_Release/pass-transmission/PT-010/vdr-intelligence/app.js,04_EXECUTABLE_REFERENCE,19993,efa2ee5d6c9bc713963a2738d8c9860671f932edb4ff2a0c6a8af615534d9bc3
04_EXECUTABLE_REFERENCE/DealPME_V3_Release/pass-transmission/PT-010/vdr-intelligence/data/embed.js,04_EXECUTABLE_REFERENCE,91310,31ba33487e1a5f0721167497bc736e89f1e8daadbec90d11da213b59e0ca5ca8
04_EXECUTABLE_REFERENCE/DealPME_V3_Release/pass-transmission/PT-010/vdr-intelligence/index.html,04_EXECUTABLE_REFERENCE,330,ef56254bf26606e6d5e89f1dc39fd407eb2b06cb4f2d002f9d69505b59f4f55f
04_EXECUTABLE_REFERENCE/DealPME_V3_Release/pass-transmission/PT-010/vdr-intelligence/standalone.html,04_EXECUTABLE_REFERENCE,118205,9942e3ed1890e90685c52d7d64a4c1d1013f217afea3f05497087f3e67a93e37
04_EXECUTABLE_REFERENCE/DealPME_V3_Release/pass-transmission/PT-010/vdr-intelligence/styles.css,04_EXECUTABLE_REFERENCE,6631,d3242f29ba66fa596c3998732a70e45611f4d8ce58ed77beda1d961c57d9f6a0
04_EXECUTABLE_REFERENCE/DealPME_V3_Release/pass-transmission/PT-011/DEV_INDEX.md,04_EXECUTABLE_REFERENCE,1110,b886c39a9d29d5db7438d119c3f77ee63c0bb6b5e1c11d6d27428d67a1c0aa6a
04_EXECUTABLE_REFERENCE/DealPME_V3_Release/pass-transmission/PT-011/app.js,04_EXECUTABLE_REFERENCE,36112,b28b6e3485ce03f16ff406c630a234cfc94df19ee672459ff4d4b5da19b13d01
04_EXECUTABLE_REFERENCE/DealPME_V3_Release/pass-transmission/PT-011/assets/dealpme-logo.jpg,04_EXECUTABLE_REFERENCE,16596,14e96ab26c9d691bb9a34716f8006869e12f6e99e6778a98967280fcb83dacc8
04_EXECUTABLE_REFERENCE/DealPME_V3_Release/pass-transmission/PT-011/data/access-matrix.json,04_EXECUTABLE_REFERENCE,2407,4a4680d5d13f4e95a99c05d00a9812d8a020f154ef1dc78ef14ad3dd480ba7af
04_EXECUTABLE_REFERENCE/DealPME_V3_Release/pass-transmission/PT-011/data/deallens-policy.json,04_EXECUTABLE_REFERENCE,645,f8fba2b55df6ab1f3bd2a1cd2a7e5dadf6cddfaeda2e80272097273176b34c53
04_EXECUTABLE_REFERENCE/DealPME_V3_Release/pass-transmission/PT-011/data/diligence-coverage.json,04_EXECUTABLE_REFERENCE,2152,7a42e8ccc6373a4280fee1eef664dcbb4341434789b73c45df98df6946d5a2d0
04_EXECUTABLE_REFERENCE/DealPME_V3_Release/pass-transmission/PT-011/data/document-intelligence.json,04_EXECUTABLE_REFERENCE,41056,6f5c60433a0c49d27088e946af7423d839f81fcef3ae9a6e1f2605409893fdb1
04_EXECUTABLE_REFERENCE/DealPME_V3_Release/pass-transmission/PT-011/data/documents/DOC-AST-001.md,04_EXECUTABLE_REFERENCE,596,9c9e83772b4dea224a1f016ed91fa71aba93d8814a8a7cc08a5756750004aef3
04_EXECUTABLE_REFERENCE/DealPME_V3_Release/pass-transmission/PT-011/data/documents/DOC-AST-002.md,04_EXECUTABLE_REFERENCE,586,3c6f2b123901d0fa1068f833f07e76170c0a786a1335c9ce83783f9a852c8b2e
04_EXECUTABLE_REFERENCE/DealPME_V3_Release/pass-transmission/PT-011/data/documents/DOC-AST-003.md,04_EXECUTABLE_REFERENCE,551,652b9710e719b955de6532de09bb90f5eedd8e464255d17210744842fcec8ddb
04_EXECUTABLE_REFERENCE/DealPME_V3_Release/pass-transmission/PT-011/data/documents/DOC-COM-001.md,04_EXECUTABLE_REFERENCE,564,0b72a49ffe7d0d025f8a179f6c9c9e5f4a16f2b0b7f84497d8941b6761512c45
04_EXECUTABLE_REFERENCE/DealPME_V3_Release/pass-transmission/PT-011/data/documents/DOC-COM-002.md,04_EXECUTABLE_REFERENCE,635,478b1b1738f04c4d9bb39e3e86cdfcb013c10dac7722b7fd1e0647fc9296cad4
04_EXECUTABLE_REFERENCE/DealPME_V3_Release/pass-transmission/PT-011/data/documents/DOC-COR-001.md,04_EXECUTABLE_REFERENCE,582,7619ebe4a5c2764afb01e3df4edf00eff1dfe1776b387e76430696e586b050e1
04_EXECUTABLE_REFERENCE/DealPME_V3_Release/pass-transmission/PT-011/data/documents/DOC-COR-002.md,04_EXECUTABLE_REFERENCE,622,fae23b74b62afee7f3a3ed0cbf1a60397a48f6b093a5f8d51ed98be578fb28a7
04_EXECUTABLE_REFERENCE/DealPME_V3_Release/pass-transmission/PT-011/data/documents/DOC-COR-003.md,04_EXECUTABLE_REFERENCE,593,112b8e0da1fcba66f4167ac5b762838db98770b29d26fd1ab3d8d488c2b575f3
04_EXECUTABLE_REFERENCE/DealPME_V3_Release/pass-transmission/PT-011/data/documents/DOC-EQT-001.md,04_EXECUTABLE_REFERENCE,585,d08095ae263250d4b87514a18c60f1005884418d42fc3958a0e697854643720a
04_EXECUTABLE_REFERENCE/DealPME_V3_Release/pass-transmission/PT-011/data/documents/DOC-EQT-002.md,04_EXECUTABLE_REFERENCE,628,e4550f4eb725efde9e0655c1877dc338e81c423f8c16db59725c08b9d1beaf5c
04_EXECUTABLE_REFERENCE/DealPME_V3_Release/pass-transmission/PT-011/data/documents/DOC-FIN-001.md,04_EXECUTABLE_REFERENCE,576,51a88f64441509b694a87d543bac6c587485182398e4495aa6633cd6163eeb12
04_EXECUTABLE_REFERENCE/DealPME_V3_Release/pass-transmission/PT-011/data/documents/DOC-FIN-002.md,04_EXECUTABLE_REFERENCE,528,3abe86d2fc1ff7850d9fb62f56c02298394a13aa59b56a3568ab35de93dbbd93
04_EXECUTABLE_REFERENCE/DealPME_V3_Release/pass-transmission/PT-011/data/documents/DOC-FIN-003.md,04_EXECUTABLE_REFERENCE,592,9b45b6a8cc25d0d9420989a11d73774d904ccaeac0b7c34d2d013af821a89715
04_EXECUTABLE_REFERENCE/DealPME_V3_Release/pass-transmission/PT-011/data/documents/DOC-FIN-004.md,04_EXECUTABLE_REFERENCE,560,c53093c3653bb92940152eff42aa62c3eeb7d505c052053f64f46745c772a34a
04_EXECUTABLE_REFERENCE/DealPME_V3_Release/pass-transmission/PT-011/data/documents/DOC-FIN-005.md,04_EXECUTABLE_REFERENCE,615,2fbaad469b727889d49c514f453a4dd20c2e1a5fe55bf0e2b83c4d42a47cef94
04_EXECUTABLE_REFERENCE/DealPME_V3_Release/pass-transmission/PT-011/data/documents/DOC-FIN-006.md,04_EXECUTABLE_REFERENCE,584,1caf7e05b50d02bd76fa20a6d4e74efb56df7177019d0355a54ab0d0833c99c6
04_EXECUTABLE_REFERENCE/DealPME_V3_Release/pass-transmission/PT-011/data/documents/DOC-HR-001.md,04_EXECUTABLE_REFERENCE,604,636d333c18c96e5e15ee1cf3948a59e5876751fc8208f1792e1f9708597f610b
04_EXECUTABLE_REFERENCE/DealPME_V3_Release/pass-transmission/PT-011/data/documents/DOC-HR-002.md,04_EXECUTABLE_REFERENCE,601,d0870bebd7a2bf3af586f83f2c11e0e5abe65df8056fa9296fc4afd9b8b1aaf6
04_EXECUTABLE_REFERENCE/DealPME_V3_Release/pass-transmission/PT-011/data/documents/DOC-OPS-003.md,04_EXECUTABLE_REFERENCE,606,bc2afec5b78ca336fea620cfcd82593088203c71b932869cb854ff48ff8b6db6
04_EXECUTABLE_REFERENCE/DealPME_V3_Release/pass-transmission/PT-011/data/documents/DOC-REG-001.md,04_EXECUTABLE_REFERENCE,578,f103fb527080e618593aaf75a2edf9b0985e17e11f5801778bd8b99d742c3b12
04_EXECUTABLE_REFERENCE/DealPME_V3_Release/pass-transmission/PT-011/data/documents/DOC-REG-002.md,04_EXECUTABLE_REFERENCE,579,d448b36b5cd2ab8f74411bb38f20402fe523fb9610f94d1d5739f0d0329ce9f1
04_EXECUTABLE_REFERENCE/DealPME_V3_Release/pass-transmission/PT-011/data/documents/DOC-SUP-001.md,04_EXECUTABLE_REFERENCE,613,2a5dfe8c7096d15eb666ce754b5e27895dbfe8c0ef5feef2fa97d3dc032c6a8b
04_EXECUTABLE_REFERENCE/DealPME_V3_Release/pass-transmission/PT-011/data/documents/DOC-SUP-002.md,04_EXECUTABLE_REFERENCE,579,ea147de69722917156f61f2ec7d3e87c3e229ec57570b107fe7a1813de686c26
04_EXECUTABLE_REFERENCE/DealPME_V3_Release/pass-transmission/PT-011/data/documents/DOC-TAX-001.md,04_EXECUTABLE_REFERENCE,608,cdf795fc33363159450a0c67ebf33a26087a00ba0c243e05ceb3bb7587c9ce6d
04_EXECUTABLE_REFERENCE/DealPME_V3_Release/pass-transmission/PT-011/data/documents/DOC-TAX-002.md,04_EXECUTABLE_REFERENCE,578,3960c38a764e15f0e4856c0831bf814e2496650a53ca47d258679b31c7a2dc96
04_EXECUTABLE_REFERENCE/DealPME_V3_Release/pass-transmission/PT-011/data/documents/DOC-TRX-001.md,04_EXECUTABLE_REFERENCE,621,816bb3cf32c60f135a6eb5b25dd0a6437d4cab34d5da9221b61deea67220dc43
04_EXECUTABLE_REFERENCE/DealPME_V3_Release/pass-transmission/PT-011/data/documents/DOC-TRX-002.md,04_EXECUTABLE_REFERENCE,567,420d2a3b30a7eba2e61a7379766888aae7ae67a5cbc08c30186b6188a2f31b3f
04_EXECUTABLE_REFERENCE/DealPME_V3_Release/pass-transmission/PT-011/data/documents/DOC-TRX-003.md,04_EXECUTABLE_REFERENCE,608,0a2bb88436fe60bdda2c193302ad36513f54df109519dbc8f75142b6be8474e0
04_EXECUTABLE_REFERENCE/DealPME_V3_Release/pass-transmission/PT-011/data/documents.json,04_EXECUTABLE_REFERENCE,18596,e33d45a4cda18e1302d16e0d995f0cd8028fdc38bc837d14160d1edcf2b55e9a
04_EXECUTABLE_REFERENCE/DealPME_V3_Release/pass-transmission/PT-011/data/embed.js,04_EXECUTABLE_REFERENCE,98362,49dd7050d4d1db899b7e57f4f1222e2e45b6f0191af688cd49965af85c5ced43
04_EXECUTABLE_REFERENCE/DealPME_V3_Release/pass-transmission/PT-011/data/engagement-pulse.json,04_EXECUTABLE_REFERENCE,999,01b0e4d2d5ee4f5f612461b73af8440775a76a903dfa738a6f57bc1eab00eebe
04_EXECUTABLE_REFERENCE/DealPME_V3_Release/pass-transmission/PT-011/data/evidence-map.json,04_EXECUTABLE_REFERENCE,10070,10545bfef0f1e72396941e9c304ecd90bf1cf6c8ff2513fd56c9d0b084eb1119
04_EXECUTABLE_REFERENCE/DealPME_V3_Release/pass-transmission/PT-011/data/financial-tieout.json,04_EXECUTABLE_REFERENCE,1076,1df107b93d3046b4e1ee978c8eebc78b99363ae08f78e802442780592f806687
04_EXECUTABLE_REFERENCE/DealPME_V3_Release/pass-transmission/PT-011/data/fixture.v3.json,04_EXECUTABLE_REFERENCE,62082,dac16545ee7473e09b8f94abf5a2746b12f02df26e9a73141f362219aba03110
04_EXECUTABLE_REFERENCE/DealPME_V3_Release/pass-transmission/PT-011/data/interaction-contract.json,04_EXECUTABLE_REFERENCE,11729,7725ae5cca2ac7fc4494b33a130e1ad5c3ef8dd8add4908318a0a61f88b89c59
04_EXECUTABLE_REFERENCE/DealPME_V3_Release/pass-transmission/PT-011/data/interaction-contract.vdr.json,04_EXECUTABLE_REFERENCE,12681,4f004be3a5718c97d13115c4a9b765f5d667817f3b0bd29f8fbac402fe3bddaf
04_EXECUTABLE_REFERENCE/DealPME_V3_Release/pass-transmission/PT-011/data/q-and-a.json,04_EXECUTABLE_REFERENCE,5317,27e0b069dd285a2e0b2020634edc2cdeab8a36f54cbf62be46eac99b95708682
04_EXECUTABLE_REFERENCE/DealPME_V3_Release/pass-transmission/PT-011/data/redaction-proposals.json,04_EXECUTABLE_REFERENCE,646,da7fdea7fd67f926ea7e494021b79952cc3eb4e5a0957ea8fbc9d9c03f70512b
04_EXECUTABLE_REFERENCE/DealPME_V3_Release/pass-transmission/PT-011/data/risks.json,04_EXECUTABLE_REFERENCE,5345,397ad996c7488346e3756b77fbdf45c1279438d64f3745b70ad49e0a4f1cb920
04_EXECUTABLE_REFERENCE/DealPME_V3_Release/pass-transmission/PT-011/data/vdr-intelligence-fixture.json,04_EXECUTABLE_REFERENCE,108844,ce6ae11c30bad0e4c01a843d049e7ffedbb571fecb971a86aa00888a48bf8848
04_EXECUTABLE_REFERENCE/DealPME_V3_Release/pass-transmission/PT-011/data/version-intelligence.json,04_EXECUTABLE_REFERENCE,670,b1a2b180dc0b5219d5c5f424946f41d10c92f577cca8b775b611d8cd86b0d8bb
04_EXECUTABLE_REFERENCE/DealPME_V3_Release/pass-transmission/PT-011/index.html,04_EXECUTABLE_REFERENCE,360,b408c3b0aa55c31c2d4dbdebc6ab532fd7e244d2a8c956281b118d465118138f
04_EXECUTABLE_REFERENCE/DealPME_V3_Release/pass-transmission/PT-011/sample.md,04_EXECUTABLE_REFERENCE,1712,b4004f31f3733a090e78a38acdbe60057628448edd9cc71e618b830bdab02de7
04_EXECUTABLE_REFERENCE/DealPME_V3_Release/pass-transmission/PT-011/standalone.html,04_EXECUTABLE_REFERENCE,151912,8985f8c3ed9833b1ab78b06d53dbe1f0dd70c2812aa92c08e0ec1ee9629068ee
04_EXECUTABLE_REFERENCE/DealPME_V3_Release/pass-transmission/PT-011/styles.css,04_EXECUTABLE_REFERENCE,17126,6ec9d6aa72d6a068543f932f3cca0db5f86defde101f11d500a07e3762d3c777
04_EXECUTABLE_REFERENCE/DealPME_V3_Release/pass-transmission/PT-011/vdr-intelligence/README.md,04_EXECUTABLE_REFERENCE,327,a5a7b2485e4b5f332d2d644f84dea4acc6e5685bea40e218c0543d34d047b637
04_EXECUTABLE_REFERENCE/DealPME_V3_Release/pass-transmission/PT-011/vdr-intelligence/app.js,04_EXECUTABLE_REFERENCE,19993,efa2ee5d6c9bc713963a2738d8c9860671f932edb4ff2a0c6a8af615534d9bc3
04_EXECUTABLE_REFERENCE/DealPME_V3_Release/pass-transmission/PT-011/vdr-intelligence/data/embed.js,04_EXECUTABLE_REFERENCE,90745,6b33f970187a6e03cf5d5fcd81c560fa205b3cd73f5c161bd5fadc52650b1412
04_EXECUTABLE_REFERENCE/DealPME_V3_Release/pass-transmission/PT-011/vdr-intelligence/index.html,04_EXECUTABLE_REFERENCE,330,ef56254bf26606e6d5e89f1dc39fd407eb2b06cb4f2d002f9d69505b59f4f55f
04_EXECUTABLE_REFERENCE/DealPME_V3_Release/pass-transmission/PT-011/vdr-intelligence/standalone.html,04_EXECUTABLE_REFERENCE,117640,ebf3bc3312c7647e179f513a490fa132c931ea53e3498f1eb304f3516714d776
04_EXECUTABLE_REFERENCE/DealPME_V3_Release/pass-transmission/PT-011/vdr-intelligence/styles.css,04_EXECUTABLE_REFERENCE,6631,d3242f29ba66fa596c3998732a70e45611f4d8ce58ed77beda1d961c57d9f6a0
04_EXECUTABLE_REFERENCE/DealPME_V3_Release/pass-transmission/PT-012/DEV_INDEX.md,04_EXECUTABLE_REFERENCE,1110,a05c6d23b76b12389cfd41f47dee1d7d9b6149b8ccf8fb9c7d6df2a1b6c9a2de
04_EXECUTABLE_REFERENCE/DealPME_V3_Release/pass-transmission/PT-012/app.js,04_EXECUTABLE_REFERENCE,36112,b28b6e3485ce03f16ff406c630a234cfc94df19ee672459ff4d4b5da19b13d01
04_EXECUTABLE_REFERENCE/DealPME_V3_Release/pass-transmission/PT-012/assets/dealpme-logo.jpg,04_EXECUTABLE_REFERENCE,16596,14e96ab26c9d691bb9a34716f8006869e12f6e99e6778a98967280fcb83dacc8
04_EXECUTABLE_REFERENCE/DealPME_V3_Release/pass-transmission/PT-012/data/access-matrix.json,04_EXECUTABLE_REFERENCE,2407,8d726efe786e54e4279d0b0a9b9c6a0fa3e2d9de9f0a1227f536751587e5221d
04_EXECUTABLE_REFERENCE/DealPME_V3_Release/pass-transmission/PT-012/data/deallens-policy.json,04_EXECUTABLE_REFERENCE,645,9bae8bac04330c81c214ad20b64b745feab75ee648a590ca187e6d31ecc60033
04_EXECUTABLE_REFERENCE/DealPME_V3_Release/pass-transmission/PT-012/data/diligence-coverage.json,04_EXECUTABLE_REFERENCE,2152,c731fd19af3136d415031487edd0d82270aa76e208d7d32faddc664e6996aebb
04_EXECUTABLE_REFERENCE/DealPME_V3_Release/pass-transmission/PT-012/data/document-intelligence.json,04_EXECUTABLE_REFERENCE,41089,376f1108d6270dada1a55f3f7dce70ead5081b80dc1f6e7dae61db6edeaa16dd
04_EXECUTABLE_REFERENCE/DealPME_V3_Release/pass-transmission/PT-012/data/documents/DOC-AST-001.md,04_EXECUTABLE_REFERENCE,606,a546ac55b4a60160fbae08c4b3e8a1fa98806f9ea4a82d541eb47c941e537757
04_EXECUTABLE_REFERENCE/DealPME_V3_Release/pass-transmission/PT-012/data/documents/DOC-AST-002.md,04_EXECUTABLE_REFERENCE,585,9dce3fbc11eac776ef623b97b9be7dd51c7cc07cdaa3a4bf8908dec81bf0cc1d
04_EXECUTABLE_REFERENCE/DealPME_V3_Release/pass-transmission/PT-012/data/documents/DOC-AST-003.md,04_EXECUTABLE_REFERENCE,549,3840219880fda9c50a61656d54835eb30c6761e25a83ac0c4e99675e960aaa83
04_EXECUTABLE_REFERENCE/DealPME_V3_Release/pass-transmission/PT-012/data/documents/DOC-COM-001.md,04_EXECUTABLE_REFERENCE,563,a72e2a64cc8cd14271d9d24010c22372cb7037b7ed91e34c9af37d159ec70433
04_EXECUTABLE_REFERENCE/DealPME_V3_Release/pass-transmission/PT-012/data/documents/DOC-COM-002.md,04_EXECUTABLE_REFERENCE,645,bd28c56b2434817b948d8e1b8e910c7f471177029fccff9d8786ffc5c51bfde3
04_EXECUTABLE_REFERENCE/DealPME_V3_Release/pass-transmission/PT-012/data/documents/DOC-COR-001.md,04_EXECUTABLE_REFERENCE,581,7199893298b566d13d21412b8f89f79e5a354295cf7cc568494861774080e5e2
04_EXECUTABLE_REFERENCE/DealPME_V3_Release/pass-transmission/PT-012/data/documents/DOC-COR-002.md,04_EXECUTABLE_REFERENCE,631,5cf1b74b84dc76c11e0d52010bc63fdc067800e830cf50f400888cac34bbfc3c
04_EXECUTABLE_REFERENCE/DealPME_V3_Release/pass-transmission/PT-012/data/documents/DOC-COR-003.md,04_EXECUTABLE_REFERENCE,592,a9a8257687849b7f1d1e6f7c1eba6f5d28ae48e0be3cbcf46be1b669fe9c0118
04_EXECUTABLE_REFERENCE/DealPME_V3_Release/pass-transmission/PT-012/data/documents/DOC-EQT-001.md,04_EXECUTABLE_REFERENCE,639,d61101785f89c88cc48b1c9e3e00d93a62e6d1e72e2217127676f183b0416190
04_EXECUTABLE_REFERENCE/DealPME_V3_Release/pass-transmission/PT-012/data/documents/DOC-EQT-002.md,04_EXECUTABLE_REFERENCE,627,300d816c486c4f088911cb0837d383945ee189bba02329e0ad4fa6e4bf2192c6
04_EXECUTABLE_REFERENCE/DealPME_V3_Release/pass-transmission/PT-012/data/documents/DOC-FIN-001.md,04_EXECUTABLE_REFERENCE,575,9304ec983a26b2a50104781e8e57b56ff4c86366096213bf8f52bed604c8ec84
04_EXECUTABLE_REFERENCE/DealPME_V3_Release/pass-transmission/PT-012/data/documents/DOC-FIN-002.md,04_EXECUTABLE_REFERENCE,527,120802394a73f8fe04644e8e63a67c336d3c2542d89b8afcf10ccb2ab8fcf925
04_EXECUTABLE_REFERENCE/DealPME_V3_Release/pass-transmission/PT-012/data/documents/DOC-FIN-003.md,04_EXECUTABLE_REFERENCE,590,afe9891b0e26860fdc833a6a083af2a61f69d16bdf7b4669b8c606fd3d42c619
04_EXECUTABLE_REFERENCE/DealPME_V3_Release/pass-transmission/PT-012/data/documents/DOC-FIN-004.md,04_EXECUTABLE_REFERENCE,559,0ef9992b3dbd0f800500daa204bc12bee735a62dc0063bff6936134781358cfd
04_EXECUTABLE_REFERENCE/DealPME_V3_Release/pass-transmission/PT-012/data/documents/DOC-FIN-005.md,04_EXECUTABLE_REFERENCE,618,b9a5d814fb4b1b220980a3575c9fd0dee7dc552202f6dfe0034cad7faa9e2b01
04_EXECUTABLE_REFERENCE/DealPME_V3_Release/pass-transmission/PT-012/data/documents/DOC-FIN-006.md,04_EXECUTABLE_REFERENCE,594,1fc5dfd94bed9c086c355251d9f1cad86757edbdf2512e5c83caf71bf9856398
04_EXECUTABLE_REFERENCE/DealPME_V3_Release/pass-transmission/PT-012/data/documents/DOC-HR-001.md,04_EXECUTABLE_REFERENCE,604,08b5b1d5326a472d9292217498be6e3622831587e25863c933cd08fcb6a9fc1f
04_EXECUTABLE_REFERENCE/DealPME_V3_Release/pass-transmission/PT-012/data/documents/DOC-HR-002.md,04_EXECUTABLE_REFERENCE,599,61af4174fafd68d408f443d28b1ccdd4f7a800afb4bf64f8a29a0b3575ea4c6b
04_EXECUTABLE_REFERENCE/DealPME_V3_Release/pass-transmission/PT-012/data/documents/DOC-OPS-003.md,04_EXECUTABLE_REFERENCE,604,e3193eebb0be5d29cf368b47ca468c4217dbb3321013017660d3a4f7cb6afaf8
04_EXECUTABLE_REFERENCE/DealPME_V3_Release/pass-transmission/PT-012/data/documents/DOC-REG-001.md,04_EXECUTABLE_REFERENCE,588,ec93fb4f311a2eb261e568876a688c6bb6159b6364f2d988fb5207c291143377
04_EXECUTABLE_REFERENCE/DealPME_V3_Release/pass-transmission/PT-012/data/documents/DOC-REG-002.md,04_EXECUTABLE_REFERENCE,578,05b474414d1e07ce0a4f76946f91f88b98de361cb70df2169ba56e1d28906f2b
04_EXECUTABLE_REFERENCE/DealPME_V3_Release/pass-transmission/PT-012/data/documents/DOC-SUP-001.md,04_EXECUTABLE_REFERENCE,611,8c87097bf5ca56100fe821f403e382e662cca6de29bfed45b242c7dd11067d88
04_EXECUTABLE_REFERENCE/DealPME_V3_Release/pass-transmission/PT-012/data/documents/DOC-SUP-002.md,04_EXECUTABLE_REFERENCE,578,91b7499bf2cf52fd2c31b8d89179f5e50491353d58c2969b6e1bf3175947c97c
04_EXECUTABLE_REFERENCE/DealPME_V3_Release/pass-transmission/PT-012/data/documents/DOC-TAX-001.md,04_EXECUTABLE_REFERENCE,607,8a45e8c2d016d4cce01a81e1fc0ce31897b9b3e8f39d758d60c2a7597a934f5e
04_EXECUTABLE_REFERENCE/DealPME_V3_Release/pass-transmission/PT-012/data/documents/DOC-TAX-002.md,04_EXECUTABLE_REFERENCE,577,659a44465a80e446a4d9f9fb12989e32fae479f23207edb4b160c0374eecf3af
04_EXECUTABLE_REFERENCE/DealPME_V3_Release/pass-transmission/PT-012/data/documents/DOC-TRX-001.md,04_EXECUTABLE_REFERENCE,620,43b2cc967df7cf4494a04029e7d95fa1cb2694dda5dd53d9aa2ec3ff0dfa6a8f
04_EXECUTABLE_REFERENCE/DealPME_V3_Release/pass-transmission/PT-012/data/documents/DOC-TRX-002.md,04_EXECUTABLE_REFERENCE,565,6537f40d322ef975c4222280459264eb4a16c67a06748a89ab78e875259d8cd8
04_EXECUTABLE_REFERENCE/DealPME_V3_Release/pass-transmission/PT-012/data/documents/DOC-TRX-003.md,04_EXECUTABLE_REFERENCE,607,ff22a4c57a80c96900e692931d21f30e3523b3d29bfa9ea33240c7fe5fc566e3
04_EXECUTABLE_REFERENCE/DealPME_V3_Release/pass-transmission/PT-012/data/documents.json,04_EXECUTABLE_REFERENCE,18704,b4cecb1d767802b72492afd961be91c79941415eb55b6494e8545f5b6331c5ed
04_EXECUTABLE_REFERENCE/DealPME_V3_Release/pass-transmission/PT-012/data/embed.js,04_EXECUTABLE_REFERENCE,99351,b06b649e0f23859bf682ba2a800d335c9063860fc28fdf2770b5e7f8a2d26e58
04_EXECUTABLE_REFERENCE/DealPME_V3_Release/pass-transmission/PT-012/data/engagement-pulse.json,04_EXECUTABLE_REFERENCE,999,d34d460932ff0eb2b53d3f088e6446d9b114f28b84523b5ee63ab5ff1bd6e197
04_EXECUTABLE_REFERENCE/DealPME_V3_Release/pass-transmission/PT-012/data/evidence-map.json,04_EXECUTABLE_REFERENCE,10033,1c8d4a075791c7ea9497cbf1e841d68f7740eeb565f746887832d1ad9bba22cc
04_EXECUTABLE_REFERENCE/DealPME_V3_Release/pass-transmission/PT-012/data/financial-tieout.json,04_EXECUTABLE_REFERENCE,1078,33d08a3a99a37c3cafba60c967930e79d296169bde1ecf78bb50aa82164e5b77
04_EXECUTABLE_REFERENCE/DealPME_V3_Release/pass-transmission/PT-012/data/fixture.v3.json,04_EXECUTABLE_REFERENCE,62783,308798157a5e6991e0877b79e21b49090c1c27d45f3d0ec2990a6cc904134d11
04_EXECUTABLE_REFERENCE/DealPME_V3_Release/pass-transmission/PT-012/data/interaction-contract.json,04_EXECUTABLE_REFERENCE,11729,3cbc4c0ddc4fe6d163b8ef11822a6420ba7237f2218902bf55b62a90085bae57
04_EXECUTABLE_REFERENCE/DealPME_V3_Release/pass-transmission/PT-012/data/interaction-contract.vdr.json,04_EXECUTABLE_REFERENCE,12681,639ce7a2388abac5206ec47644927924fe940c4ce8bcb77be8a4fe8109f155e1
04_EXECUTABLE_REFERENCE/DealPME_V3_Release/pass-transmission/PT-012/data/q-and-a.json,04_EXECUTABLE_REFERENCE,5317,27e0b069dd285a2e0b2020634edc2cdeab8a36f54cbf62be46eac99b95708682
04_EXECUTABLE_REFERENCE/DealPME_V3_Release/pass-transmission/PT-012/data/redaction-proposals.json,04_EXECUTABLE_REFERENCE,646,463b1543c9ca7f4a9dff71c1917e4f54a3bb7a5a59942fbe0f1b3a606024b38f
04_EXECUTABLE_REFERENCE/DealPME_V3_Release/pass-transmission/PT-012/data/risks.json,04_EXECUTABLE_REFERENCE,5481,4338c1a23323080def3caaa2aaae78cc9a7f0521e5d357d45d3f806ac9c746da
04_EXECUTABLE_REFERENCE/DealPME_V3_Release/pass-transmission/PT-012/data/vdr-intelligence-fixture.json,04_EXECUTABLE_REFERENCE,109086,d99b982a2cc7da48e5167f1ec932d7d32ffbc25597ba7d47a7eb2b5a705bdb4f
04_EXECUTABLE_REFERENCE/DealPME_V3_Release/pass-transmission/PT-012/data/version-intelligence.json,04_EXECUTABLE_REFERENCE,670,168bd265d08ae2ae93612f7eecb5c3c1fb067fbddd7045d604e19a1467ae198b
04_EXECUTABLE_REFERENCE/DealPME_V3_Release/pass-transmission/PT-012/index.html,04_EXECUTABLE_REFERENCE,360,5f4ebc0d4c8405541f61bcd5cb545c1e032d4a7ed214a032a0e94866cfcd8ffb
04_EXECUTABLE_REFERENCE/DealPME_V3_Release/pass-transmission/PT-012/sample.md,04_EXECUTABLE_REFERENCE,1767,343d761580e1e851a130a4c0c1796f7d1d81a6c8319b0f727e4e8778feb54fe1
04_EXECUTABLE_REFERENCE/DealPME_V3_Release/pass-transmission/PT-012/standalone.html,04_EXECUTABLE_REFERENCE,152901,c210b0a56ca856009083dcd717aeb1b374f00d1e8065847dad05569d62118b3f
04_EXECUTABLE_REFERENCE/DealPME_V3_Release/pass-transmission/PT-012/styles.css,04_EXECUTABLE_REFERENCE,17126,6ec9d6aa72d6a068543f932f3cca0db5f86defde101f11d500a07e3762d3c777
04_EXECUTABLE_REFERENCE/DealPME_V3_Release/pass-transmission/PT-012/vdr-intelligence/README.md,04_EXECUTABLE_REFERENCE,326,f69258ba0f5dac921d83c5a4cf92d133cde4e48d44999ae81c50195c8f540e06
04_EXECUTABLE_REFERENCE/DealPME_V3_Release/pass-transmission/PT-012/vdr-intelligence/app.js,04_EXECUTABLE_REFERENCE,19993,efa2ee5d6c9bc713963a2738d8c9860671f932edb4ff2a0c6a8af615534d9bc3
04_EXECUTABLE_REFERENCE/DealPME_V3_Release/pass-transmission/PT-012/vdr-intelligence/data/embed.js,04_EXECUTABLE_REFERENCE,91136,3866dd69cc74a15f111021c3e9f08b22633ad268fe5494a00824086f64fa4dfd
04_EXECUTABLE_REFERENCE/DealPME_V3_Release/pass-transmission/PT-012/vdr-intelligence/index.html,04_EXECUTABLE_REFERENCE,330,ef56254bf26606e6d5e89f1dc39fd407eb2b06cb4f2d002f9d69505b59f4f55f
04_EXECUTABLE_REFERENCE/DealPME_V3_Release/pass-transmission/PT-012/vdr-intelligence/standalone.html,04_EXECUTABLE_REFERENCE,118031,028be209c01ead0435cb61b3399f718ce58f5b9eeabf1ab134e34a2af3bc392a
04_EXECUTABLE_REFERENCE/DealPME_V3_Release/pass-transmission/PT-012/vdr-intelligence/styles.css,04_EXECUTABLE_REFERENCE,6631,d3242f29ba66fa596c3998732a70e45611f4d8ce58ed77beda1d961c57d9f6a0
04_EXECUTABLE_REFERENCE/DealPME_V3_Release/pass-transmission/manifest.json,04_EXECUTABLE_REFERENCE,3249,22617fa3780050b7b5c5b8c6b3244950ecbf8c07d780e2f1f7cb3a5f4c5d4f50
04_EXECUTABLE_REFERENCE/DealPME_V3_Release/pass-transmission/qa/portfolio-smoke-results.json,04_EXECUTABLE_REFERENCE,36396,b662199764627e0711b8666a01a2430fc72a04b8de55fa0dccac898146df5791
04_EXECUTABLE_REFERENCE/DealPME_V3_Release/pass-transmission/qa/screenshots/PT-001-vdr.png,04_EXECUTABLE_REFERENCE,77308,dab3953332d2f866299ce5307652a6b0f02ecda6776bc3a710c9140cfd93b22a
04_EXECUTABLE_REFERENCE/DealPME_V3_Release/pass-transmission/qa/screenshots/PT-002-vdr.png,04_EXECUTABLE_REFERENCE,76870,52de21d6b0fd12bb52d7b5751621abd834d93bfa3d0427d561642e04aa332280
04_EXECUTABLE_REFERENCE/DealPME_V3_Release/pass-transmission/qa/screenshots/PT-003-vdr.png,04_EXECUTABLE_REFERENCE,77363,b81158b4577e5e3051903c7b79c9fa992702035fed95bfcc67c764a35eb7eebc
04_EXECUTABLE_REFERENCE/DealPME_V3_Release/pass-transmission/qa/screenshots/PT-004-vdr.png,04_EXECUTABLE_REFERENCE,76849,89338310b4c785a090e7a69c486b3f34630866ebe7f784bb80514a5a53ce86d0
04_EXECUTABLE_REFERENCE/DealPME_V3_Release/pass-transmission/qa/screenshots/PT-005-vdr.png,04_EXECUTABLE_REFERENCE,77248,d153225230449474deb9c9c9478f322c48ff803062754592434626bf438f7dfa
04_EXECUTABLE_REFERENCE/DealPME_V3_Release/pass-transmission/qa/screenshots/PT-006-vdr.png,04_EXECUTABLE_REFERENCE,78011,8427f880931f4e9db4020d370b85366d9f2a2fa5647cb41874295731ce161038
04_EXECUTABLE_REFERENCE/DealPME_V3_Release/pass-transmission/qa/screenshots/PT-007-vdr.png,04_EXECUTABLE_REFERENCE,76717,4624084ad1dd7d3c9489d1dac42b96303dabf71a37ed1537121ecab270584009
04_EXECUTABLE_REFERENCE/DealPME_V3_Release/pass-transmission/qa/screenshots/PT-008-vdr.png,04_EXECUTABLE_REFERENCE,77926,cea43c85f90548729509759d064e32ab641f1052a40f9f128131cc534a7eeb7f
04_EXECUTABLE_REFERENCE/DealPME_V3_Release/pass-transmission/qa/screenshots/PT-009-vdr.png,04_EXECUTABLE_REFERENCE,76994,0c3ab0ba36fb345f6413d8ee535c8dd3603a9057a1b17a702e9799dc962d3e1d
04_EXECUTABLE_REFERENCE/DealPME_V3_Release/pass-transmission/qa/screenshots/PT-010-vdr.png,04_EXECUTABLE_REFERENCE,78203,86333e36baae78d6cb0406a37a2290fbd31f018241c501ba8debfcefb49ae66b
04_EXECUTABLE_REFERENCE/DealPME_V3_Release/pass-transmission/qa/screenshots/PT-011-vdr.png,04_EXECUTABLE_REFERENCE,76672,2ea2cb375a1805f004241dc6483b4bc914cc8b5cea2a76a6e91604067591f8f3
04_EXECUTABLE_REFERENCE/DealPME_V3_Release/pass-transmission/qa/screenshots/PT-012-vdr.png,04_EXECUTABLE_REFERENCE,77063,8a0e57cf443c4187ced74592ba2b6fff3f2a3819d32b2d52d7be86eaf86832b6
04_EXECUTABLE_REFERENCE/DealPME_V3_Release/pass-transmission/qa/validators/PT-001-content.json,04_EXECUTABLE_REFERENCE,99,a95ef38d437b67c29439849f54ad3df4163701d34d901ba99cd70f7339a080cc
04_EXECUTABLE_REFERENCE/DealPME_V3_Release/pass-transmission/qa/validators/PT-001-disclosure.json,04_EXECUTABLE_REFERENCE,99,a95ef38d437b67c29439849f54ad3df4163701d34d901ba99cd70f7339a080cc
04_EXECUTABLE_REFERENCE/DealPME_V3_Release/pass-transmission/qa/validators/PT-001-financial.json,04_EXECUTABLE_REFERENCE,99,a95ef38d437b67c29439849f54ad3df4163701d34d901ba99cd70f7339a080cc
04_EXECUTABLE_REFERENCE/DealPME_V3_Release/pass-transmission/qa/validators/PT-001-fixture_qa.json,04_EXECUTABLE_REFERENCE,180,6423806b50bf382586aa2336b876b274e3a11d8a528548bd0442e4905f57b85c
04_EXECUTABLE_REFERENCE/DealPME_V3_Release/pass-transmission/qa/validators/PT-001-interactions.json,04_EXECUTABLE_REFERENCE,128,35b92dc28e741bc70338c34a0843c73481ad9c23545d977d96d0bb5a292f2206
04_EXECUTABLE_REFERENCE/DealPME_V3_Release/pass-transmission/qa/validators/PT-002-content.json,04_EXECUTABLE_REFERENCE,99,a95ef38d437b67c29439849f54ad3df4163701d34d901ba99cd70f7339a080cc
04_EXECUTABLE_REFERENCE/DealPME_V3_Release/pass-transmission/qa/validators/PT-002-disclosure.json,04_EXECUTABLE_REFERENCE,99,a95ef38d437b67c29439849f54ad3df4163701d34d901ba99cd70f7339a080cc
04_EXECUTABLE_REFERENCE/DealPME_V3_Release/pass-transmission/qa/validators/PT-002-financial.json,04_EXECUTABLE_REFERENCE,99,a95ef38d437b67c29439849f54ad3df4163701d34d901ba99cd70f7339a080cc
04_EXECUTABLE_REFERENCE/DealPME_V3_Release/pass-transmission/qa/validators/PT-002-fixture_qa.json,04_EXECUTABLE_REFERENCE,180,2ea153a862d3ae104ce354bdf51787ed55c44cfa75240409f6745c141529af52
04_EXECUTABLE_REFERENCE/DealPME_V3_Release/pass-transmission/qa/validators/PT-002-interactions.json,04_EXECUTABLE_REFERENCE,128,35b92dc28e741bc70338c34a0843c73481ad9c23545d977d96d0bb5a292f2206
04_EXECUTABLE_REFERENCE/DealPME_V3_Release/pass-transmission/qa/validators/PT-003-content.json,04_EXECUTABLE_REFERENCE,99,a95ef38d437b67c29439849f54ad3df4163701d34d901ba99cd70f7339a080cc
04_EXECUTABLE_REFERENCE/DealPME_V3_Release/pass-transmission/qa/validators/PT-003-disclosure.json,04_EXECUTABLE_REFERENCE,99,a95ef38d437b67c29439849f54ad3df4163701d34d901ba99cd70f7339a080cc
04_EXECUTABLE_REFERENCE/DealPME_V3_Release/pass-transmission/qa/validators/PT-003-financial.json,04_EXECUTABLE_REFERENCE,99,a95ef38d437b67c29439849f54ad3df4163701d34d901ba99cd70f7339a080cc
04_EXECUTABLE_REFERENCE/DealPME_V3_Release/pass-transmission/qa/validators/PT-003-fixture_qa.json,04_EXECUTABLE_REFERENCE,180,3677eacf421d74bf22c23ffefcee46996756e82c9c0eb5f32149bfa082f4b7c3
04_EXECUTABLE_REFERENCE/DealPME_V3_Release/pass-transmission/qa/validators/PT-003-interactions.json,04_EXECUTABLE_REFERENCE,128,35b92dc28e741bc70338c34a0843c73481ad9c23545d977d96d0bb5a292f2206
04_EXECUTABLE_REFERENCE/DealPME_V3_Release/pass-transmission/qa/validators/PT-004-content.json,04_EXECUTABLE_REFERENCE,99,a95ef38d437b67c29439849f54ad3df4163701d34d901ba99cd70f7339a080cc
04_EXECUTABLE_REFERENCE/DealPME_V3_Release/pass-transmission/qa/validators/PT-004-disclosure.json,04_EXECUTABLE_REFERENCE,99,a95ef38d437b67c29439849f54ad3df4163701d34d901ba99cd70f7339a080cc
04_EXECUTABLE_REFERENCE/DealPME_V3_Release/pass-transmission/qa/validators/PT-004-financial.json,04_EXECUTABLE_REFERENCE,99,a95ef38d437b67c29439849f54ad3df4163701d34d901ba99cd70f7339a080cc
04_EXECUTABLE_REFERENCE/DealPME_V3_Release/pass-transmission/qa/validators/PT-004-fixture_qa.json,04_EXECUTABLE_REFERENCE,180,1f2906a39f9c6acb49cd5e6144f34ff0d2c645a7add3198a8c613422f5692c01
04_EXECUTABLE_REFERENCE/DealPME_V3_Release/pass-transmission/qa/validators/PT-004-interactions.json,04_EXECUTABLE_REFERENCE,128,35b92dc28e741bc70338c34a0843c73481ad9c23545d977d96d0bb5a292f2206
04_EXECUTABLE_REFERENCE/DealPME_V3_Release/pass-transmission/qa/validators/PT-005-content.json,04_EXECUTABLE_REFERENCE,99,a95ef38d437b67c29439849f54ad3df4163701d34d901ba99cd70f7339a080cc
04_EXECUTABLE_REFERENCE/DealPME_V3_Release/pass-transmission/qa/validators/PT-005-disclosure.json,04_EXECUTABLE_REFERENCE,99,a95ef38d437b67c29439849f54ad3df4163701d34d901ba99cd70f7339a080cc
04_EXECUTABLE_REFERENCE/DealPME_V3_Release/pass-transmission/qa/validators/PT-005-financial.json,04_EXECUTABLE_REFERENCE,99,a95ef38d437b67c29439849f54ad3df4163701d34d901ba99cd70f7339a080cc
04_EXECUTABLE_REFERENCE/DealPME_V3_Release/pass-transmission/qa/validators/PT-005-fixture_qa.json,04_EXECUTABLE_REFERENCE,180,8fee135a1342104724c12bce7371a70cfe72d54118947b804d5519f0944990d7
04_EXECUTABLE_REFERENCE/DealPME_V3_Release/pass-transmission/qa/validators/PT-005-interactions.json,04_EXECUTABLE_REFERENCE,128,35b92dc28e741bc70338c34a0843c73481ad9c23545d977d96d0bb5a292f2206
04_EXECUTABLE_REFERENCE/DealPME_V3_Release/pass-transmission/qa/validators/PT-006-content.json,04_EXECUTABLE_REFERENCE,99,a95ef38d437b67c29439849f54ad3df4163701d34d901ba99cd70f7339a080cc
04_EXECUTABLE_REFERENCE/DealPME_V3_Release/pass-transmission/qa/validators/PT-006-disclosure.json,04_EXECUTABLE_REFERENCE,99,a95ef38d437b67c29439849f54ad3df4163701d34d901ba99cd70f7339a080cc
04_EXECUTABLE_REFERENCE/DealPME_V3_Release/pass-transmission/qa/validators/PT-006-financial.json,04_EXECUTABLE_REFERENCE,99,a95ef38d437b67c29439849f54ad3df4163701d34d901ba99cd70f7339a080cc
04_EXECUTABLE_REFERENCE/DealPME_V3_Release/pass-transmission/qa/validators/PT-006-fixture_qa.json,04_EXECUTABLE_REFERENCE,180,86d817db4527f6fcc92e7843b8abdeaf7823e80ca862e4e048671f3921d24457
04_EXECUTABLE_REFERENCE/DealPME_V3_Release/pass-transmission/qa/validators/PT-006-interactions.json,04_EXECUTABLE_REFERENCE,128,35b92dc28e741bc70338c34a0843c73481ad9c23545d977d96d0bb5a292f2206
04_EXECUTABLE_REFERENCE/DealPME_V3_Release/pass-transmission/qa/validators/PT-007-content.json,04_EXECUTABLE_REFERENCE,99,a95ef38d437b67c29439849f54ad3df4163701d34d901ba99cd70f7339a080cc
04_EXECUTABLE_REFERENCE/DealPME_V3_Release/pass-transmission/qa/validators/PT-007-disclosure.json,04_EXECUTABLE_REFERENCE,99,a95ef38d437b67c29439849f54ad3df4163701d34d901ba99cd70f7339a080cc
04_EXECUTABLE_REFERENCE/DealPME_V3_Release/pass-transmission/qa/validators/PT-007-financial.json,04_EXECUTABLE_REFERENCE,99,a95ef38d437b67c29439849f54ad3df4163701d34d901ba99cd70f7339a080cc
04_EXECUTABLE_REFERENCE/DealPME_V3_Release/pass-transmission/qa/validators/PT-007-fixture_qa.json,04_EXECUTABLE_REFERENCE,180,091be72ca02ea6ee51ff1a02c53adccae8610f9b2a6fa1feb1e0c23c1691f507
04_EXECUTABLE_REFERENCE/DealPME_V3_Release/pass-transmission/qa/validators/PT-007-interactions.json,04_EXECUTABLE_REFERENCE,128,35b92dc28e741bc70338c34a0843c73481ad9c23545d977d96d0bb5a292f2206
04_EXECUTABLE_REFERENCE/DealPME_V3_Release/pass-transmission/qa/validators/PT-008-content.json,04_EXECUTABLE_REFERENCE,99,a95ef38d437b67c29439849f54ad3df4163701d34d901ba99cd70f7339a080cc
04_EXECUTABLE_REFERENCE/DealPME_V3_Release/pass-transmission/qa/validators/PT-008-disclosure.json,04_EXECUTABLE_REFERENCE,99,a95ef38d437b67c29439849f54ad3df4163701d34d901ba99cd70f7339a080cc
04_EXECUTABLE_REFERENCE/DealPME_V3_Release/pass-transmission/qa/validators/PT-008-financial.json,04_EXECUTABLE_REFERENCE,99,a95ef38d437b67c29439849f54ad3df4163701d34d901ba99cd70f7339a080cc
04_EXECUTABLE_REFERENCE/DealPME_V3_Release/pass-transmission/qa/validators/PT-008-fixture_qa.json,04_EXECUTABLE_REFERENCE,180,6268f3476ed4d405ae697284f0da875d46bfcec675b44e04b3c1672b8eb38a7a
04_EXECUTABLE_REFERENCE/DealPME_V3_Release/pass-transmission/qa/validators/PT-008-interactions.json,04_EXECUTABLE_REFERENCE,128,35b92dc28e741bc70338c34a0843c73481ad9c23545d977d96d0bb5a292f2206
04_EXECUTABLE_REFERENCE/DealPME_V3_Release/pass-transmission/qa/validators/PT-009-content.json,04_EXECUTABLE_REFERENCE,99,a95ef38d437b67c29439849f54ad3df4163701d34d901ba99cd70f7339a080cc
04_EXECUTABLE_REFERENCE/DealPME_V3_Release/pass-transmission/qa/validators/PT-009-disclosure.json,04_EXECUTABLE_REFERENCE,99,a95ef38d437b67c29439849f54ad3df4163701d34d901ba99cd70f7339a080cc
04_EXECUTABLE_REFERENCE/DealPME_V3_Release/pass-transmission/qa/validators/PT-009-financial.json,04_EXECUTABLE_REFERENCE,99,a95ef38d437b67c29439849f54ad3df4163701d34d901ba99cd70f7339a080cc
04_EXECUTABLE_REFERENCE/DealPME_V3_Release/pass-transmission/qa/validators/PT-009-fixture_qa.json,04_EXECUTABLE_REFERENCE,180,9f3265af995509306d2d93d8e6dde82ac5680e378cce4a46ea1ecd8d027b6ffa
04_EXECUTABLE_REFERENCE/DealPME_V3_Release/pass-transmission/qa/validators/PT-009-interactions.json,04_EXECUTABLE_REFERENCE,128,35b92dc28e741bc70338c34a0843c73481ad9c23545d977d96d0bb5a292f2206
04_EXECUTABLE_REFERENCE/DealPME_V3_Release/pass-transmission/qa/validators/PT-010-content.json,04_EXECUTABLE_REFERENCE,99,a95ef38d437b67c29439849f54ad3df4163701d34d901ba99cd70f7339a080cc
04_EXECUTABLE_REFERENCE/DealPME_V3_Release/pass-transmission/qa/validators/PT-010-disclosure.json,04_EXECUTABLE_REFERENCE,99,a95ef38d437b67c29439849f54ad3df4163701d34d901ba99cd70f7339a080cc
04_EXECUTABLE_REFERENCE/DealPME_V3_Release/pass-transmission/qa/validators/PT-010-financial.json,04_EXECUTABLE_REFERENCE,99,a95ef38d437b67c29439849f54ad3df4163701d34d901ba99cd70f7339a080cc
04_EXECUTABLE_REFERENCE/DealPME_V3_Release/pass-transmission/qa/validators/PT-010-fixture_qa.json,04_EXECUTABLE_REFERENCE,180,19c3090acb3cc77cbac22ebe0d46dd225b1fd56ade8d16f708ca086d64a446cf
04_EXECUTABLE_REFERENCE/DealPME_V3_Release/pass-transmission/qa/validators/PT-010-interactions.json,04_EXECUTABLE_REFERENCE,128,35b92dc28e741bc70338c34a0843c73481ad9c23545d977d96d0bb5a292f2206
04_EXECUTABLE_REFERENCE/DealPME_V3_Release/pass-transmission/qa/validators/PT-011-content.json,04_EXECUTABLE_REFERENCE,99,a95ef38d437b67c29439849f54ad3df4163701d34d901ba99cd70f7339a080cc
04_EXECUTABLE_REFERENCE/DealPME_V3_Release/pass-transmission/qa/validators/PT-011-disclosure.json,04_EXECUTABLE_REFERENCE,99,a95ef38d437b67c29439849f54ad3df4163701d34d901ba99cd70f7339a080cc
04_EXECUTABLE_REFERENCE/DealPME_V3_Release/pass-transmission/qa/validators/PT-011-financial.json,04_EXECUTABLE_REFERENCE,99,a95ef38d437b67c29439849f54ad3df4163701d34d901ba99cd70f7339a080cc
04_EXECUTABLE_REFERENCE/DealPME_V3_Release/pass-transmission/qa/validators/PT-011-fixture_qa.json,04_EXECUTABLE_REFERENCE,180,d67e7c290d86f4d9eb1bb6319eb697132326323ad44b69976866a3b0477edcd8
04_EXECUTABLE_REFERENCE/DealPME_V3_Release/pass-transmission/qa/validators/PT-011-interactions.json,04_EXECUTABLE_REFERENCE,128,35b92dc28e741bc70338c34a0843c73481ad9c23545d977d96d0bb5a292f2206
04_EXECUTABLE_REFERENCE/DealPME_V3_Release/pass-transmission/qa/validators/PT-012-content.json,04_EXECUTABLE_REFERENCE,99,a95ef38d437b67c29439849f54ad3df4163701d34d901ba99cd70f7339a080cc
04_EXECUTABLE_REFERENCE/DealPME_V3_Release/pass-transmission/qa/validators/PT-012-disclosure.json,04_EXECUTABLE_REFERENCE,99,a95ef38d437b67c29439849f54ad3df4163701d34d901ba99cd70f7339a080cc
04_EXECUTABLE_REFERENCE/DealPME_V3_Release/pass-transmission/qa/validators/PT-012-financial.json,04_EXECUTABLE_REFERENCE,99,a95ef38d437b67c29439849f54ad3df4163701d34d901ba99cd70f7339a080cc
04_EXECUTABLE_REFERENCE/DealPME_V3_Release/pass-transmission/qa/validators/PT-012-fixture_qa.json,04_EXECUTABLE_REFERENCE,180,27c1c3aa98fc1e1c9193d1cfff759a7d4cc4e9e7da22afb745bc41a6ce7ccb5e
04_EXECUTABLE_REFERENCE/DealPME_V3_Release/pass-transmission/qa/validators/PT-012-interactions.json,04_EXECUTABLE_REFERENCE,128,35b92dc28e741bc70338c34a0843c73481ad9c23545d977d96d0bb5a292f2206
04_EXECUTABLE_REFERENCE/DealPME_V3_Release/pass-transmission/qa/validators/portfolio-validator-summary.json,04_EXECUTABLE_REFERENCE,5827,8941ae971c5d00cd1756c789d6b1ceef6d8814dcdab6caf46246083aa85dee03
04_EXECUTABLE_REFERENCE/DealPME_V3_Release/pass-transmission/tests/run_portfolio_smoke.py,04_EXECUTABLE_REFERENCE,5806,ebc8573e59ddb9e906504477ea066a7f67bfad56a17ca2d02acc48983430af7a
04_EXECUTABLE_REFERENCE/DealPME_V3_Release/pass-transmission/tests/validate_portfolio.py,04_EXECUTABLE_REFERENCE,1988,185491e8e03e5c9b4df595dae91fc80965df72842044e8014dc4b3d118903c9d
04_EXECUTABLE_REFERENCE/DealPME_V3_Release/qa/CONSOLIDATED_QA_SUMMARY.json,04_EXECUTABLE_REFERENCE,961,59d8abb7300ff881b48b8dc2e71d09e2f1c4f8d38a4fdba3a57a640c20257b69
04_EXECUTABLE_REFERENCE/DealPME_V3_Release/qa/gold-reference-dead-control.json,04_EXECUTABLE_REFERENCE,73,8d587769316a868add0b514ff8d75b28a5cf2d9b117e53749e019d5b7a0257ec
04_EXECUTABLE_REFERENCE/DealPME_V3_Release/qa/gold-reference-e2e.json,04_EXECUTABLE_REFERENCE,5937,eb9c22e3252fca62763b9e75e89e6df807994050fb7a5a994c236895598ccb77
04_EXECUTABLE_REFERENCE/DealPME_V3_Release/qa/mutation-regression-summary.json,04_EXECUTABLE_REFERENCE,1308,7f3d1cf5add5c96a80fd308eb5b702a9da940473efa3252f3dd94d9c9ecbab20
04_EXECUTABLE_REFERENCE/DealPME_V3_Release/qa/pass-transmission-browser-smoke.json,04_EXECUTABLE_REFERENCE,36396,b662199764627e0711b8666a01a2430fc72a04b8de55fa0dccac898146df5791
04_EXECUTABLE_REFERENCE/DealPME_V3_Release/qa/pass-transmission-validator-summary.json,04_EXECUTABLE_REFERENCE,5827,8941ae971c5d00cd1756c789d6b1ceef6d8814dcdab6caf46246083aa85dee03
04_EXECUTABLE_REFERENCE/DealPME_V3_Release/qa/service-e2e-summary.json,04_EXECUTABLE_REFERENCE,1368,15fc4ff1f5e08a0e5687d660e9146f40d84bf2797857ef0355b3b4165d38de30
04_EXECUTABLE_REFERENCE/DealPME_V3_Release/qa/service-validation-summary.json,04_EXECUTABLE_REFERENCE,1739,a1394a7424f42e1f7dface2369c13556e1872b0fdef6d105de7a7a5d17413252
04_EXECUTABLE_REFERENCE/DealPME_V3_Release/qa/vdr-intelligence/PT-001-citations.json,04_EXECUTABLE_REFERENCE,38,61fbe35b8e0eb5c15b81989ddfe8734cef06bbd0fb477bc989747ae101739845
04_EXECUTABLE_REFERENCE/DealPME_V3_Release/qa/vdr-intelligence/PT-001-firewall.json,04_EXECUTABLE_REFERENCE,38,61fbe35b8e0eb5c15b81989ddfe8734cef06bbd0fb477bc989747ae101739845
04_EXECUTABLE_REFERENCE/DealPME_V3_Release/qa/vdr-intelligence/PT-001-fixture.json,04_EXECUTABLE_REFERENCE,38,61fbe35b8e0eb5c15b81989ddfe8734cef06bbd0fb477bc989747ae101739845
04_EXECUTABLE_REFERENCE/DealPME_V3_Release/qa/vdr-intelligence/PT-002-citations.json,04_EXECUTABLE_REFERENCE,38,61fbe35b8e0eb5c15b81989ddfe8734cef06bbd0fb477bc989747ae101739845
04_EXECUTABLE_REFERENCE/DealPME_V3_Release/qa/vdr-intelligence/PT-002-firewall.json,04_EXECUTABLE_REFERENCE,38,61fbe35b8e0eb5c15b81989ddfe8734cef06bbd0fb477bc989747ae101739845
04_EXECUTABLE_REFERENCE/DealPME_V3_Release/qa/vdr-intelligence/PT-002-fixture.json,04_EXECUTABLE_REFERENCE,38,61fbe35b8e0eb5c15b81989ddfe8734cef06bbd0fb477bc989747ae101739845
04_EXECUTABLE_REFERENCE/DealPME_V3_Release/qa/vdr-intelligence/PT-003-citations.json,04_EXECUTABLE_REFERENCE,38,61fbe35b8e0eb5c15b81989ddfe8734cef06bbd0fb477bc989747ae101739845
04_EXECUTABLE_REFERENCE/DealPME_V3_Release/qa/vdr-intelligence/PT-003-firewall.json,04_EXECUTABLE_REFERENCE,38,61fbe35b8e0eb5c15b81989ddfe8734cef06bbd0fb477bc989747ae101739845
04_EXECUTABLE_REFERENCE/DealPME_V3_Release/qa/vdr-intelligence/PT-003-fixture.json,04_EXECUTABLE_REFERENCE,38,61fbe35b8e0eb5c15b81989ddfe8734cef06bbd0fb477bc989747ae101739845
04_EXECUTABLE_REFERENCE/DealPME_V3_Release/qa/vdr-intelligence/PT-004-citations.json,04_EXECUTABLE_REFERENCE,38,61fbe35b8e0eb5c15b81989ddfe8734cef06bbd0fb477bc989747ae101739845
04_EXECUTABLE_REFERENCE/DealPME_V3_Release/qa/vdr-intelligence/PT-004-firewall.json,04_EXECUTABLE_REFERENCE,38,61fbe35b8e0eb5c15b81989ddfe8734cef06bbd0fb477bc989747ae101739845
04_EXECUTABLE_REFERENCE/DealPME_V3_Release/qa/vdr-intelligence/PT-004-fixture.json,04_EXECUTABLE_REFERENCE,38,61fbe35b8e0eb5c15b81989ddfe8734cef06bbd0fb477bc989747ae101739845
04_EXECUTABLE_REFERENCE/DealPME_V3_Release/qa/vdr-intelligence/PT-005-citations.json,04_EXECUTABLE_REFERENCE,38,61fbe35b8e0eb5c15b81989ddfe8734cef06bbd0fb477bc989747ae101739845
04_EXECUTABLE_REFERENCE/DealPME_V3_Release/qa/vdr-intelligence/PT-005-firewall.json,04_EXECUTABLE_REFERENCE,38,61fbe35b8e0eb5c15b81989ddfe8734cef06bbd0fb477bc989747ae101739845
04_EXECUTABLE_REFERENCE/DealPME_V3_Release/qa/vdr-intelligence/PT-005-fixture.json,04_EXECUTABLE_REFERENCE,38,61fbe35b8e0eb5c15b81989ddfe8734cef06bbd0fb477bc989747ae101739845
04_EXECUTABLE_REFERENCE/DealPME_V3_Release/qa/vdr-intelligence/PT-006-citations.json,04_EXECUTABLE_REFERENCE,38,61fbe35b8e0eb5c15b81989ddfe8734cef06bbd0fb477bc989747ae101739845
04_EXECUTABLE_REFERENCE/DealPME_V3_Release/qa/vdr-intelligence/PT-006-firewall.json,04_EXECUTABLE_REFERENCE,38,61fbe35b8e0eb5c15b81989ddfe8734cef06bbd0fb477bc989747ae101739845
04_EXECUTABLE_REFERENCE/DealPME_V3_Release/qa/vdr-intelligence/PT-006-fixture.json,04_EXECUTABLE_REFERENCE,38,61fbe35b8e0eb5c15b81989ddfe8734cef06bbd0fb477bc989747ae101739845
04_EXECUTABLE_REFERENCE/DealPME_V3_Release/qa/vdr-intelligence/PT-007-citations.json,04_EXECUTABLE_REFERENCE,38,61fbe35b8e0eb5c15b81989ddfe8734cef06bbd0fb477bc989747ae101739845
04_EXECUTABLE_REFERENCE/DealPME_V3_Release/qa/vdr-intelligence/PT-007-firewall.json,04_EXECUTABLE_REFERENCE,38,61fbe35b8e0eb5c15b81989ddfe8734cef06bbd0fb477bc989747ae101739845
04_EXECUTABLE_REFERENCE/DealPME_V3_Release/qa/vdr-intelligence/PT-007-fixture.json,04_EXECUTABLE_REFERENCE,38,61fbe35b8e0eb5c15b81989ddfe8734cef06bbd0fb477bc989747ae101739845
04_EXECUTABLE_REFERENCE/DealPME_V3_Release/qa/vdr-intelligence/PT-008-citations.json,04_EXECUTABLE_REFERENCE,38,61fbe35b8e0eb5c15b81989ddfe8734cef06bbd0fb477bc989747ae101739845
04_EXECUTABLE_REFERENCE/DealPME_V3_Release/qa/vdr-intelligence/PT-008-firewall.json,04_EXECUTABLE_REFERENCE,38,61fbe35b8e0eb5c15b81989ddfe8734cef06bbd0fb477bc989747ae101739845
04_EXECUTABLE_REFERENCE/DealPME_V3_Release/qa/vdr-intelligence/PT-008-fixture.json,04_EXECUTABLE_REFERENCE,38,61fbe35b8e0eb5c15b81989ddfe8734cef06bbd0fb477bc989747ae101739845
04_EXECUTABLE_REFERENCE/DealPME_V3_Release/qa/vdr-intelligence/PT-009-citations.json,04_EXECUTABLE_REFERENCE,38,61fbe35b8e0eb5c15b81989ddfe8734cef06bbd0fb477bc989747ae101739845
04_EXECUTABLE_REFERENCE/DealPME_V3_Release/qa/vdr-intelligence/PT-009-firewall.json,04_EXECUTABLE_REFERENCE,38,61fbe35b8e0eb5c15b81989ddfe8734cef06bbd0fb477bc989747ae101739845
04_EXECUTABLE_REFERENCE/DealPME_V3_Release/qa/vdr-intelligence/PT-009-fixture.json,04_EXECUTABLE_REFERENCE,38,61fbe35b8e0eb5c15b81989ddfe8734cef06bbd0fb477bc989747ae101739845
04_EXECUTABLE_REFERENCE/DealPME_V3_Release/qa/vdr-intelligence/PT-010-citations.json,04_EXECUTABLE_REFERENCE,38,61fbe35b8e0eb5c15b81989ddfe8734cef06bbd0fb477bc989747ae101739845
04_EXECUTABLE_REFERENCE/DealPME_V3_Release/qa/vdr-intelligence/PT-010-firewall.json,04_EXECUTABLE_REFERENCE,38,61fbe35b8e0eb5c15b81989ddfe8734cef06bbd0fb477bc989747ae101739845
04_EXECUTABLE_REFERENCE/DealPME_V3_Release/qa/vdr-intelligence/PT-010-fixture.json,04_EXECUTABLE_REFERENCE,38,61fbe35b8e0eb5c15b81989ddfe8734cef06bbd0fb477bc989747ae101739845
04_EXECUTABLE_REFERENCE/DealPME_V3_Release/qa/vdr-intelligence/PT-011-citations.json,04_EXECUTABLE_REFERENCE,38,61fbe35b8e0eb5c15b81989ddfe8734cef06bbd0fb477bc989747ae101739845
04_EXECUTABLE_REFERENCE/DealPME_V3_Release/qa/vdr-intelligence/PT-011-firewall.json,04_EXECUTABLE_REFERENCE,38,61fbe35b8e0eb5c15b81989ddfe8734cef06bbd0fb477bc989747ae101739845
04_EXECUTABLE_REFERENCE/DealPME_V3_Release/qa/vdr-intelligence/PT-011-fixture.json,04_EXECUTABLE_REFERENCE,38,61fbe35b8e0eb5c15b81989ddfe8734cef06bbd0fb477bc989747ae101739845
04_EXECUTABLE_REFERENCE/DealPME_V3_Release/qa/vdr-intelligence/PT-012-citations.json,04_EXECUTABLE_REFERENCE,38,61fbe35b8e0eb5c15b81989ddfe8734cef06bbd0fb477bc989747ae101739845
04_EXECUTABLE_REFERENCE/DealPME_V3_Release/qa/vdr-intelligence/PT-012-firewall.json,04_EXECUTABLE_REFERENCE,38,61fbe35b8e0eb5c15b81989ddfe8734cef06bbd0fb477bc989747ae101739845
04_EXECUTABLE_REFERENCE/DealPME_V3_Release/qa/vdr-intelligence/PT-012-fixture.json,04_EXECUTABLE_REFERENCE,38,61fbe35b8e0eb5c15b81989ddfe8734cef06bbd0fb477bc989747ae101739845
04_EXECUTABLE_REFERENCE/DealPME_V3_Release/qa/vdr-intelligence/dead-control-audit.json,04_EXECUTABLE_REFERENCE,3758,76f42aca7bd756afa70de92f803eee76b2defa94bb977e708d016962f449b642
04_EXECUTABLE_REFERENCE/DealPME_V3_Release/qa/vdr-intelligence/inventory-summary.json,04_EXECUTABLE_REFERENCE,2042,8ca72c29c08c7cee47873369bb2bf3f20b2271b303183426041a7569a291fca5
04_EXECUTABLE_REFERENCE/DealPME_V3_Release/qa/vdr-intelligence/screenshots/PT-001-documents-deallens.pdf,04_EXECUTABLE_REFERENCE,73158,57e595bb651346246857434b42cba66fe335358c7e9f38328ffe649f86eece80
04_EXECUTABLE_REFERENCE/DealPME_V3_Release/qa/vdr-intelligence/screenshots/PT-001-documents-deallens.png,04_EXECUTABLE_REFERENCE,217162,3df71da7414a9d78dfbf6a1f4384b9be0e9fc82d094de921b6eabb1584b7d3f5
04_EXECUTABLE_REFERENCE/DealPME_V3_Release/qa/vdr-intelligence/validation-summary.json,04_EXECUTABLE_REFERENCE,2846,72730b4361c9fdb6006cd4af804bdda902a1d82a2a58b843ac7bf9a38a8f87ec
04_EXECUTABLE_REFERENCE/DealPME_V3_Release/services/INDEX.md,04_EXECUTABLE_REFERENCE,2381,cebde18438965ff24e25cd4ba5137ac72f886c8415625688ce10a178661bca8c
04_EXECUTABLE_REFERENCE/DealPME_V3_Release/services/SERVICES_V3_VISUAL_INDEX.jpg,04_EXECUTABLE_REFERENCE,490482,04e76bdeecb0a50d8fd09f73e56f97aa9f0f0ddff8fbe1dc0decf226defc6580
04_EXECUTABLE_REFERENCE/DealPME_V3_Release/services/alerte-rebond/AR-01/DEV_INDEX.md,04_EXECUTABLE_REFERENCE,364,5abe2e423816d362ab1a396a4efdc37dc8eb71c6f9a5446d97a1b518a56c16f4
04_EXECUTABLE_REFERENCE/DealPME_V3_Release/services/alerte-rebond/AR-01/app.js,04_EXECUTABLE_REFERENCE,7666,c2995c9cd81599d723c50b6211e2254075a2239c763bc1efa60a4ab7f4325806
04_EXECUTABLE_REFERENCE/DealPME_V3_Release/services/alerte-rebond/AR-01/assets/dealpme-logo.jpg,04_EXECUTABLE_REFERENCE,16596,14e96ab26c9d691bb9a34716f8006869e12f6e99e6778a98967280fcb83dacc8
04_EXECUTABLE_REFERENCE/DealPME_V3_Release/services/alerte-rebond/AR-01/data/embed.js,04_EXECUTABLE_REFERENCE,9059,6a640d58f1367791d6cd78956cc30b120f8d8e81f64eac02c2da486d82063984
04_EXECUTABLE_REFERENCE/DealPME_V3_Release/services/alerte-rebond/AR-01/data/fixture.v3.json,04_EXECUTABLE_REFERENCE,10784,72e6ed77072a405b45ec4cecf83d79e2244f6f5ffdf6e9fd8b0302eff3fe7851
04_EXECUTABLE_REFERENCE/DealPME_V3_Release/services/alerte-rebond/AR-01/data/interaction-contract.json,04_EXECUTABLE_REFERENCE,2863,8782a0304e0a710ec57bd4f924e8c487664419d9b97e7fd5a02275845624ef8f
04_EXECUTABLE_REFERENCE/DealPME_V3_Release/services/alerte-rebond/AR-01/index.html,04_EXECUTABLE_REFERENCE,316,b37372e81416ac2336b73549a934f463a66b0dda0f14ecd1dc224630a5871340
04_EXECUTABLE_REFERENCE/DealPME_V3_Release/services/alerte-rebond/AR-01/sample.md,04_EXECUTABLE_REFERENCE,4579,46559241d5aca8fca7754ee718f3eaf233f22a02c08bff940286b17d420e0d7f
04_EXECUTABLE_REFERENCE/DealPME_V3_Release/services/alerte-rebond/AR-01/standalone.html,04_EXECUTABLE_REFERENCE,22810,6d5af591eeea7871e126ba5250a56a667190cf2adc437a675845de3f3740944e
04_EXECUTABLE_REFERENCE/DealPME_V3_Release/services/alerte-rebond/AR-01/styles.css,04_EXECUTABLE_REFERENCE,5814,b1b46369f6ebee52520974332d5e041eedc1408218c3ba596f93f817c6158ce8
04_EXECUTABLE_REFERENCE/DealPME_V3_Release/services/alerte-rebond/AR-02/DEV_INDEX.md,04_EXECUTABLE_REFERENCE,364,a018dcc907d1ecf3ada491930c7f87e683ad2a5bfcfb9f4c8bd603572eea8db4
04_EXECUTABLE_REFERENCE/DealPME_V3_Release/services/alerte-rebond/AR-02/app.js,04_EXECUTABLE_REFERENCE,7666,c2995c9cd81599d723c50b6211e2254075a2239c763bc1efa60a4ab7f4325806
04_EXECUTABLE_REFERENCE/DealPME_V3_Release/services/alerte-rebond/AR-02/assets/dealpme-logo.jpg,04_EXECUTABLE_REFERENCE,16596,14e96ab26c9d691bb9a34716f8006869e12f6e99e6778a98967280fcb83dacc8
04_EXECUTABLE_REFERENCE/DealPME_V3_Release/services/alerte-rebond/AR-02/data/embed.js,04_EXECUTABLE_REFERENCE,8887,cb26571000c1c25759d8768a70c4448a907fefbf185a62230638401d21f54dde
04_EXECUTABLE_REFERENCE/DealPME_V3_Release/services/alerte-rebond/AR-02/data/fixture.v3.json,04_EXECUTABLE_REFERENCE,10552,6a1832a7da87c8b5671876eaeb450bdb19c7cb87c5adfb831b4ad69591716e50
04_EXECUTABLE_REFERENCE/DealPME_V3_Release/services/alerte-rebond/AR-02/data/interaction-contract.json,04_EXECUTABLE_REFERENCE,2878,e13b44e7c5941a3a97b94a253ae4cd8e5f4d9af85e7bc032df58ae2f4d178436
04_EXECUTABLE_REFERENCE/DealPME_V3_Release/services/alerte-rebond/AR-02/index.html,04_EXECUTABLE_REFERENCE,312,caed17f1dfe18c186f267af1b659e911632dc8df86394c9ee9332484fba0c9fc
04_EXECUTABLE_REFERENCE/DealPME_V3_Release/services/alerte-rebond/AR-02/sample.md,04_EXECUTABLE_REFERENCE,4468,b0281928b7e5b19fa2015efff3503c4322bb003d74b073a73884e9b853eef16c
04_EXECUTABLE_REFERENCE/DealPME_V3_Release/services/alerte-rebond/AR-02/standalone.html,04_EXECUTABLE_REFERENCE,22634,261bfb4a5096c75ec57d1069f1f9dd49b1436e852ade233f44dad4b99d917c1a
04_EXECUTABLE_REFERENCE/DealPME_V3_Release/services/alerte-rebond/AR-02/styles.css,04_EXECUTABLE_REFERENCE,5814,b1b46369f6ebee52520974332d5e041eedc1408218c3ba596f93f817c6158ce8
04_EXECUTABLE_REFERENCE/DealPME_V3_Release/services/alerte-rebond/AR-03/DEV_INDEX.md,04_EXECUTABLE_REFERENCE,364,e0c4c0c2fe28b220bb62ff30504860de9f537ee1d0816db065c7f06c52ece254
04_EXECUTABLE_REFERENCE/DealPME_V3_Release/services/alerte-rebond/AR-03/app.js,04_EXECUTABLE_REFERENCE,7666,c2995c9cd81599d723c50b6211e2254075a2239c763bc1efa60a4ab7f4325806
04_EXECUTABLE_REFERENCE/DealPME_V3_Release/services/alerte-rebond/AR-03/assets/dealpme-logo.jpg,04_EXECUTABLE_REFERENCE,16596,14e96ab26c9d691bb9a34716f8006869e12f6e99e6778a98967280fcb83dacc8
04_EXECUTABLE_REFERENCE/DealPME_V3_Release/services/alerte-rebond/AR-03/data/embed.js,04_EXECUTABLE_REFERENCE,9390,91c3951a4fb695226550369e904a799a31ea97d81a1f670f4cbbb7a1e512f58a
04_EXECUTABLE_REFERENCE/DealPME_V3_Release/services/alerte-rebond/AR-03/data/fixture.v3.json,04_EXECUTABLE_REFERENCE,11123,25f5c987c0897e00033fbd4fe3ace572c1dd76962f8f7f61d433ad9c7847182a
04_EXECUTABLE_REFERENCE/DealPME_V3_Release/services/alerte-rebond/AR-03/data/interaction-contract.json,04_EXECUTABLE_REFERENCE,2982,276b48ee3b87ddda9d1eebd7edea5f4367b2d49caf79b460e4edc3da86368ec5
04_EXECUTABLE_REFERENCE/DealPME_V3_Release/services/alerte-rebond/AR-03/index.html,04_EXECUTABLE_REFERENCE,317,6811baa1044f924c8787ab76acad39a049056017c22c85620006866a42b65355
04_EXECUTABLE_REFERENCE/DealPME_V3_Release/services/alerte-rebond/AR-03/sample.md,04_EXECUTABLE_REFERENCE,4694,427d4292952867b573d4f1744d64a249237f6e92e0682c6d5a88ed7afd3560bb
04_EXECUTABLE_REFERENCE/DealPME_V3_Release/services/alerte-rebond/AR-03/standalone.html,04_EXECUTABLE_REFERENCE,23142,d573798257479684186fd79714d2e50e47abaf8124ad4e3c4e030a7218279635
04_EXECUTABLE_REFERENCE/DealPME_V3_Release/services/alerte-rebond/AR-03/styles.css,04_EXECUTABLE_REFERENCE,5814,b1b46369f6ebee52520974332d5e041eedc1408218c3ba596f93f817c6158ce8
04_EXECUTABLE_REFERENCE/DealPME_V3_Release/services/conformite-fiscalite/TAX-01/DEV_INDEX.md,04_EXECUTABLE_REFERENCE,372,30ca2da0d0a11cf281b0a4dddca5c643a1378a02f9c89c6b16bcd9d132e5cc47
04_EXECUTABLE_REFERENCE/DealPME_V3_Release/services/conformite-fiscalite/TAX-01/app.js,04_EXECUTABLE_REFERENCE,7666,c2995c9cd81599d723c50b6211e2254075a2239c763bc1efa60a4ab7f4325806
04_EXECUTABLE_REFERENCE/DealPME_V3_Release/services/conformite-fiscalite/TAX-01/assets/dealpme-logo.jpg,04_EXECUTABLE_REFERENCE,16596,14e96ab26c9d691bb9a34716f8006869e12f6e99e6778a98967280fcb83dacc8
04_EXECUTABLE_REFERENCE/DealPME_V3_Release/services/conformite-fiscalite/TAX-01/data/embed.js,04_EXECUTABLE_REFERENCE,8855,e48dc2711644b891d10f6b78870ca302b14289784a86801ee1b94d0b44cdd6d2
04_EXECUTABLE_REFERENCE/DealPME_V3_Release/services/conformite-fiscalite/TAX-01/data/fixture.v3.json,04_EXECUTABLE_REFERENCE,10512,d92fabb713659bd82667c069c49b7a2aaf431c9c4e93e7a3e268b5abeead0978
04_EXECUTABLE_REFERENCE/DealPME_V3_Release/services/conformite-fiscalite/TAX-01/data/interaction-contract.json,04_EXECUTABLE_REFERENCE,2853,ef43d9c47e5d491ee2e905ca91f24ea6bece51c44a6e5247c4259438615ff5b7
04_EXECUTABLE_REFERENCE/DealPME_V3_Release/services/conformite-fiscalite/TAX-01/index.html,04_EXECUTABLE_REFERENCE,315,32316a06ce991ce123e2343a836a09ef7add5958b1d78488e6e48817c9d02858
04_EXECUTABLE_REFERENCE/DealPME_V3_Release/services/conformite-fiscalite/TAX-01/sample.md,04_EXECUTABLE_REFERENCE,4542,dddd55ed6e58debefa616766ff2555fdd3d3e7ae5e68aaa77bb507e872944183
04_EXECUTABLE_REFERENCE/DealPME_V3_Release/services/conformite-fiscalite/TAX-01/standalone.html,04_EXECUTABLE_REFERENCE,22605,ce2fb2863f6387ead27a84ceb7bfa130df52ac419aa01527614f540258905ea0
04_EXECUTABLE_REFERENCE/DealPME_V3_Release/services/conformite-fiscalite/TAX-01/styles.css,04_EXECUTABLE_REFERENCE,5814,b1b46369f6ebee52520974332d5e041eedc1408218c3ba596f93f817c6158ce8
04_EXECUTABLE_REFERENCE/DealPME_V3_Release/services/conformite-fiscalite/TAX-02/DEV_INDEX.md,04_EXECUTABLE_REFERENCE,372,2b2e9e7954e1e7ae34744b76b0cc2f65af2179f63251389db9afbf3bfd98e530
04_EXECUTABLE_REFERENCE/DealPME_V3_Release/services/conformite-fiscalite/TAX-02/app.js,04_EXECUTABLE_REFERENCE,7666,c2995c9cd81599d723c50b6211e2254075a2239c763bc1efa60a4ab7f4325806
04_EXECUTABLE_REFERENCE/DealPME_V3_Release/services/conformite-fiscalite/TAX-02/assets/dealpme-logo.jpg,04_EXECUTABLE_REFERENCE,16596,14e96ab26c9d691bb9a34716f8006869e12f6e99e6778a98967280fcb83dacc8
04_EXECUTABLE_REFERENCE/DealPME_V3_Release/services/conformite-fiscalite/TAX-02/data/embed.js,04_EXECUTABLE_REFERENCE,8879,242adbe380375ece81eb632a54ad9db32ec56f474cb6bf1efe596a16b5efcd53
04_EXECUTABLE_REFERENCE/DealPME_V3_Release/services/conformite-fiscalite/TAX-02/data/fixture.v3.json,04_EXECUTABLE_REFERENCE,10544,f0451c51ef154b06614122391df758938686528248280f881ae8a1ac8ba143b2
04_EXECUTABLE_REFERENCE/DealPME_V3_Release/services/conformite-fiscalite/TAX-02/data/interaction-contract.json,04_EXECUTABLE_REFERENCE,2856,20ebd52301779aa28e497f5d6e3b60a31d8109fda00f961fc278c99a564ac1d8
04_EXECUTABLE_REFERENCE/DealPME_V3_Release/services/conformite-fiscalite/TAX-02/index.html,04_EXECUTABLE_REFERENCE,316,1fb7c0effffc00febec8e6c7e10c36cdecc79c754d1d958bece067c0b814d21d
04_EXECUTABLE_REFERENCE/DealPME_V3_Release/services/conformite-fiscalite/TAX-02/sample.md,04_EXECUTABLE_REFERENCE,4429,43ff25d7cd5d2f816b70b776aaa4452d00d9a1b40f5986cdab494efee00fbfe9
04_EXECUTABLE_REFERENCE/DealPME_V3_Release/services/conformite-fiscalite/TAX-02/standalone.html,04_EXECUTABLE_REFERENCE,22630,73116917a9d023204a856d135ab3ba5b913d6286d314642854eec951a1b23c23
04_EXECUTABLE_REFERENCE/DealPME_V3_Release/services/conformite-fiscalite/TAX-02/styles.css,04_EXECUTABLE_REFERENCE,5814,b1b46369f6ebee52520974332d5e041eedc1408218c3ba596f93f817c6158ce8
04_EXECUTABLE_REFERENCE/DealPME_V3_Release/services/conformite-fiscalite/TAX-03/DEV_INDEX.md,04_EXECUTABLE_REFERENCE,372,3e616e6b3b3d5f591d313f2cc505b1eff891e643dcaae5ff654d77738a6c58e3
04_EXECUTABLE_REFERENCE/DealPME_V3_Release/services/conformite-fiscalite/TAX-03/app.js,04_EXECUTABLE_REFERENCE,7666,c2995c9cd81599d723c50b6211e2254075a2239c763bc1efa60a4ab7f4325806
04_EXECUTABLE_REFERENCE/DealPME_V3_Release/services/conformite-fiscalite/TAX-03/assets/dealpme-logo.jpg,04_EXECUTABLE_REFERENCE,16596,14e96ab26c9d691bb9a34716f8006869e12f6e99e6778a98967280fcb83dacc8
04_EXECUTABLE_REFERENCE/DealPME_V3_Release/services/conformite-fiscalite/TAX-03/data/embed.js,04_EXECUTABLE_REFERENCE,9248,efc18e9e05bb7024286572f4711f036d1667e0e1d046572512a96c831ec8d81e
04_EXECUTABLE_REFERENCE/DealPME_V3_Release/services/conformite-fiscalite/TAX-03/data/fixture.v3.json,04_EXECUTABLE_REFERENCE,10941,77c1475f18acef754d6db12ada2571ab25f023baa896c21526874db673e619fe
04_EXECUTABLE_REFERENCE/DealPME_V3_Release/services/conformite-fiscalite/TAX-03/data/interaction-contract.json,04_EXECUTABLE_REFERENCE,2976,3534e6b174b9a34a326f622972b1de01385dad9eb54a237bd0c85a0f66218ae9
04_EXECUTABLE_REFERENCE/DealPME_V3_Release/services/conformite-fiscalite/TAX-03/index.html,04_EXECUTABLE_REFERENCE,313,42a42cfc316ad8a26a6e0037aade8c90476ce00f7116e1117b72a35b40d58145
04_EXECUTABLE_REFERENCE/DealPME_V3_Release/services/conformite-fiscalite/TAX-03/sample.md,04_EXECUTABLE_REFERENCE,4649,22f31469c75b59e1d40cfa6bc02f535b1689946dcdf66b657da7b66a04ccf868
04_EXECUTABLE_REFERENCE/DealPME_V3_Release/services/conformite-fiscalite/TAX-03/standalone.html,04_EXECUTABLE_REFERENCE,22996,d083c87d2227cc0ca1b8a28f6b1cf43074d33b481d01254062723de4f52fc89b
04_EXECUTABLE_REFERENCE/DealPME_V3_Release/services/conformite-fiscalite/TAX-03/styles.css,04_EXECUTABLE_REFERENCE,5814,b1b46369f6ebee52520974332d5e041eedc1408218c3ba596f93f817c6158ce8
04_EXECUTABLE_REFERENCE/DealPME_V3_Release/services/deal-connect/CNX-01/DEV_INDEX.md,04_EXECUTABLE_REFERENCE,364,0809c769f6c771e4afbc21e19eb741bf1fc05792baf6306f428e852b2bb33ee6
04_EXECUTABLE_REFERENCE/DealPME_V3_Release/services/deal-connect/CNX-01/app.js,04_EXECUTABLE_REFERENCE,7666,c2995c9cd81599d723c50b6211e2254075a2239c763bc1efa60a4ab7f4325806
04_EXECUTABLE_REFERENCE/DealPME_V3_Release/services/deal-connect/CNX-01/assets/dealpme-logo.jpg,04_EXECUTABLE_REFERENCE,16596,14e96ab26c9d691bb9a34716f8006869e12f6e99e6778a98967280fcb83dacc8
04_EXECUTABLE_REFERENCE/DealPME_V3_Release/services/deal-connect/CNX-01/data/embed.js,04_EXECUTABLE_REFERENCE,8862,e58873cefe7c46382d2a46ef59a4bf58afd9b0b2958eeeeade2780b12bce647c
04_EXECUTABLE_REFERENCE/DealPME_V3_Release/services/deal-connect/CNX-01/data/fixture.v3.json,04_EXECUTABLE_REFERENCE,10627,0daa3401fac97868b6a685788b55c5cb0851f3dba7875fd28ba9c67bc73a034e
04_EXECUTABLE_REFERENCE/DealPME_V3_Release/services/deal-connect/CNX-01/data/interaction-contract.json,04_EXECUTABLE_REFERENCE,2842,b81322c32f15ef3e7c5705f783edccf19087f980f1b59769c50cfd72d94dab91
04_EXECUTABLE_REFERENCE/DealPME_V3_Release/services/deal-connect/CNX-01/index.html,04_EXECUTABLE_REFERENCE,302,978c95c83e3e277591962a8bd0dddd7dca42306f18c845e0dc93c2c874c07818
04_EXECUTABLE_REFERENCE/DealPME_V3_Release/services/deal-connect/CNX-01/sample.md,04_EXECUTABLE_REFERENCE,4338,c5e4566fabd49ff2040cfdc06f65970bde3a07b5b7bb9660938994fd79dfbe1e
04_EXECUTABLE_REFERENCE/DealPME_V3_Release/services/deal-connect/CNX-01/standalone.html,04_EXECUTABLE_REFERENCE,22599,effb55eabb48671ee0ed6f480e359dae03b0247d7f3e4a25585eabafe8934b88
04_EXECUTABLE_REFERENCE/DealPME_V3_Release/services/deal-connect/CNX-01/styles.css,04_EXECUTABLE_REFERENCE,5814,b1b46369f6ebee52520974332d5e041eedc1408218c3ba596f93f817c6158ce8
04_EXECUTABLE_REFERENCE/DealPME_V3_Release/services/deal-connect/CNX-02/DEV_INDEX.md,04_EXECUTABLE_REFERENCE,364,d89fd479500962fe6bed21faa83afbf7e093f934ba96ebb11e68f1b7cc2d3db6
04_EXECUTABLE_REFERENCE/DealPME_V3_Release/services/deal-connect/CNX-02/app.js,04_EXECUTABLE_REFERENCE,7666,c2995c9cd81599d723c50b6211e2254075a2239c763bc1efa60a4ab7f4325806
04_EXECUTABLE_REFERENCE/DealPME_V3_Release/services/deal-connect/CNX-02/assets/dealpme-logo.jpg,04_EXECUTABLE_REFERENCE,16596,14e96ab26c9d691bb9a34716f8006869e12f6e99e6778a98967280fcb83dacc8
04_EXECUTABLE_REFERENCE/DealPME_V3_Release/services/deal-connect/CNX-02/data/embed.js,04_EXECUTABLE_REFERENCE,8993,2f3013c74b722efd65dfd2fcd5ae4dfbaf5201295725b4b88c73d38155aa8b23
04_EXECUTABLE_REFERENCE/DealPME_V3_Release/services/deal-connect/CNX-02/data/fixture.v3.json,04_EXECUTABLE_REFERENCE,10686,aca848b781e2125d55a7c6af24d956a7b6b768c224b9492db4179508c04453c9
04_EXECUTABLE_REFERENCE/DealPME_V3_Release/services/deal-connect/CNX-02/data/interaction-contract.json,04_EXECUTABLE_REFERENCE,2960,eecee251774894abe90dc284e74812c910174ebd86680fa1cab6ef747d3410ee
04_EXECUTABLE_REFERENCE/DealPME_V3_Release/services/deal-connect/CNX-02/index.html,04_EXECUTABLE_REFERENCE,308,44b6a6b6d800a5debf842560ff01bc2bb21624971c756e56c33a52954e333b91
04_EXECUTABLE_REFERENCE/DealPME_V3_Release/services/deal-connect/CNX-02/sample.md,04_EXECUTABLE_REFERENCE,4487,4e19e92503b49b9e2508cd77d20ba958527eabe3a81ee9b1126319d1aa7529e9
04_EXECUTABLE_REFERENCE/DealPME_V3_Release/services/deal-connect/CNX-02/standalone.html,04_EXECUTABLE_REFERENCE,22736,edf222fb11984bfba6dd9d328971aeddf5d70c69c49e3721a56f48285b0fb324
04_EXECUTABLE_REFERENCE/DealPME_V3_Release/services/deal-connect/CNX-02/styles.css,04_EXECUTABLE_REFERENCE,5814,b1b46369f6ebee52520974332d5e041eedc1408218c3ba596f93f817c6158ce8
04_EXECUTABLE_REFERENCE/DealPME_V3_Release/services/deal-connect/CNX-03/DEV_INDEX.md,04_EXECUTABLE_REFERENCE,364,e7b5ea1d83812ca4fc87210fc37354d7ce03e08ef94b3ee54d2d121d5d44761a
04_EXECUTABLE_REFERENCE/DealPME_V3_Release/services/deal-connect/CNX-03/app.js,04_EXECUTABLE_REFERENCE,7666,c2995c9cd81599d723c50b6211e2254075a2239c763bc1efa60a4ab7f4325806
04_EXECUTABLE_REFERENCE/DealPME_V3_Release/services/deal-connect/CNX-03/assets/dealpme-logo.jpg,04_EXECUTABLE_REFERENCE,16596,14e96ab26c9d691bb9a34716f8006869e12f6e99e6778a98967280fcb83dacc8
04_EXECUTABLE_REFERENCE/DealPME_V3_Release/services/deal-connect/CNX-03/data/embed.js,04_EXECUTABLE_REFERENCE,8683,7af4cce823980f9cc8f8dc8c1c922dcb3fbee6535bb35010c04b0c23a5c85634
04_EXECUTABLE_REFERENCE/DealPME_V3_Release/services/deal-connect/CNX-03/data/fixture.v3.json,04_EXECUTABLE_REFERENCE,10348,d4ced03f3bdb33b349342ed11ea1d8cf4bd340b66b0fe7e888fbc7636e6e71ac
04_EXECUTABLE_REFERENCE/DealPME_V3_Release/services/deal-connect/CNX-03/data/interaction-contract.json,04_EXECUTABLE_REFERENCE,2834,db8cf6c9f1eaaf33d1860c5a7289ad103895c001b22d9fb9f99e67b92b40c0ab
04_EXECUTABLE_REFERENCE/DealPME_V3_Release/services/deal-connect/CNX-03/index.html,04_EXECUTABLE_REFERENCE,302,d6c79bcd5d31560ae46f92e30af9f6bc9bbd6045616e61d081f050fa303da55f
04_EXECUTABLE_REFERENCE/DealPME_V3_Release/services/deal-connect/CNX-03/sample.md,04_EXECUTABLE_REFERENCE,4307,f9df9b16d1655cb9393c320da94426b1cefb92d05b0dd4c188af5214701f608f
04_EXECUTABLE_REFERENCE/DealPME_V3_Release/services/deal-connect/CNX-03/standalone.html,04_EXECUTABLE_REFERENCE,22420,a285904ff781c9806f4375572e4416416c4642c692f01772e5a737b1cc087a38
04_EXECUTABLE_REFERENCE/DealPME_V3_Release/services/deal-connect/CNX-03/styles.css,04_EXECUTABLE_REFERENCE,5814,b1b46369f6ebee52520974332d5e041eedc1408218c3ba596f93f817c6158ce8
04_EXECUTABLE_REFERENCE/DealPME_V3_Release/services/deal-experts/EX-01/DEV_INDEX.md,04_EXECUTABLE_REFERENCE,363,faa9fd771c88d460c4a8b3e08885fffe5397f81837acd478ac1c6e9d9790b54e
04_EXECUTABLE_REFERENCE/DealPME_V3_Release/services/deal-experts/EX-01/app.js,04_EXECUTABLE_REFERENCE,7666,c2995c9cd81599d723c50b6211e2254075a2239c763bc1efa60a4ab7f4325806
04_EXECUTABLE_REFERENCE/DealPME_V3_Release/services/deal-experts/EX-01/assets/dealpme-logo.jpg,04_EXECUTABLE_REFERENCE,16596,14e96ab26c9d691bb9a34716f8006869e12f6e99e6778a98967280fcb83dacc8
04_EXECUTABLE_REFERENCE/DealPME_V3_Release/services/deal-experts/EX-01/data/embed.js,04_EXECUTABLE_REFERENCE,8836,c5773199387f4f00a5f023813a6aade4270cfda8217becbb1c4649486318103a
04_EXECUTABLE_REFERENCE/DealPME_V3_Release/services/deal-experts/EX-01/data/fixture.v3.json,04_EXECUTABLE_REFERENCE,10533,10baed194235779298272da6a3a8d471e5cad11a7a0140b520ab33fc40ad0fc1
04_EXECUTABLE_REFERENCE/DealPME_V3_Release/services/deal-experts/EX-01/data/interaction-contract.json,04_EXECUTABLE_REFERENCE,2851,f0da9f845bfec38d7314930c07bc80d61a576bb41b35b499878befb199b23f41
04_EXECUTABLE_REFERENCE/DealPME_V3_Release/services/deal-experts/EX-01/index.html,04_EXECUTABLE_REFERENCE,311,0d46673259de8e464981e5002351c21623717a8f99bf582414a08b8446666a91
04_EXECUTABLE_REFERENCE/DealPME_V3_Release/services/deal-experts/EX-01/sample.md,04_EXECUTABLE_REFERENCE,4435,0fcda1c4fbdacb414f423dbaf02886970ec36f9faf472a9abd416e521612d665
04_EXECUTABLE_REFERENCE/DealPME_V3_Release/services/deal-experts/EX-01/standalone.html,04_EXECUTABLE_REFERENCE,22582,94ab0b5fd406a8ac0910b3f5b5e30a7061f6e311f0ce9e238b61725006377d89
04_EXECUTABLE_REFERENCE/DealPME_V3_Release/services/deal-experts/EX-01/styles.css,04_EXECUTABLE_REFERENCE,5814,b1b46369f6ebee52520974332d5e041eedc1408218c3ba596f93f817c6158ce8
04_EXECUTABLE_REFERENCE/DealPME_V3_Release/services/deal-experts/EX-02/DEV_INDEX.md,04_EXECUTABLE_REFERENCE,363,f87af1b005d3f6a33f511086a392259eb4bfe1c8e050d72d28ca19bf573ae14f
04_EXECUTABLE_REFERENCE/DealPME_V3_Release/services/deal-experts/EX-02/app.js,04_EXECUTABLE_REFERENCE,7666,c2995c9cd81599d723c50b6211e2254075a2239c763bc1efa60a4ab7f4325806
04_EXECUTABLE_REFERENCE/DealPME_V3_Release/services/deal-experts/EX-02/assets/dealpme-logo.jpg,04_EXECUTABLE_REFERENCE,16596,14e96ab26c9d691bb9a34716f8006869e12f6e99e6778a98967280fcb83dacc8
04_EXECUTABLE_REFERENCE/DealPME_V3_Release/services/deal-experts/EX-02/data/embed.js,04_EXECUTABLE_REFERENCE,9199,e984af3739e7de0ac526ad725284ced6795deb72b5fa8713890abb24317eaad0
04_EXECUTABLE_REFERENCE/DealPME_V3_Release/services/deal-experts/EX-02/data/fixture.v3.json,04_EXECUTABLE_REFERENCE,10892,12fea8b1294a3d6d7dcf0a6e272769bf71d5df1a3fb3d5241348d9c8066c1fe1
04_EXECUTABLE_REFERENCE/DealPME_V3_Release/services/deal-experts/EX-02/data/interaction-contract.json,04_EXECUTABLE_REFERENCE,2953,9aeb773aacbacc25802bda1b07d2adb5deec57098447669627b074226d20374e
04_EXECUTABLE_REFERENCE/DealPME_V3_Release/services/deal-experts/EX-02/index.html,04_EXECUTABLE_REFERENCE,317,ef375ac7f5d27135d3b1d8361943ce1edfa204d81268549d8c6fc117a9eafa26
04_EXECUTABLE_REFERENCE/DealPME_V3_Release/services/deal-experts/EX-02/sample.md,04_EXECUTABLE_REFERENCE,4634,96d7ed660f59bb4a50a4d09b9652ec15a8ad1e592ecad050725612aab171c24f
04_EXECUTABLE_REFERENCE/DealPME_V3_Release/services/deal-experts/EX-02/standalone.html,04_EXECUTABLE_REFERENCE,22951,2243148b294add8063e28f9bdf7976424646faf31b71223a1d5dcee24007f300
04_EXECUTABLE_REFERENCE/DealPME_V3_Release/services/deal-experts/EX-02/styles.css,04_EXECUTABLE_REFERENCE,5814,b1b46369f6ebee52520974332d5e041eedc1408218c3ba596f93f817c6158ce8
04_EXECUTABLE_REFERENCE/DealPME_V3_Release/services/deal-experts/EX-03/DEV_INDEX.md,04_EXECUTABLE_REFERENCE,363,76f830d4ecb35864530c7e112e26499250f37dbc9781722ebac8f901832baaf8
04_EXECUTABLE_REFERENCE/DealPME_V3_Release/services/deal-experts/EX-03/app.js,04_EXECUTABLE_REFERENCE,7666,c2995c9cd81599d723c50b6211e2254075a2239c763bc1efa60a4ab7f4325806
04_EXECUTABLE_REFERENCE/DealPME_V3_Release/services/deal-experts/EX-03/assets/dealpme-logo.jpg,04_EXECUTABLE_REFERENCE,16596,14e96ab26c9d691bb9a34716f8006869e12f6e99e6778a98967280fcb83dacc8
04_EXECUTABLE_REFERENCE/DealPME_V3_Release/services/deal-experts/EX-03/data/embed.js,04_EXECUTABLE_REFERENCE,8937,15b8579156e9988495a1fc831ad57a4f879f21f93fdd36bffd7c7bfc960f78c9
04_EXECUTABLE_REFERENCE/DealPME_V3_Release/services/deal-experts/EX-03/data/fixture.v3.json,04_EXECUTABLE_REFERENCE,10642,ab04488f37369da7468726bc498fa55aa06d00e97ff0dd39b2503f80e7c79ac5
04_EXECUTABLE_REFERENCE/DealPME_V3_Release/services/deal-experts/EX-03/data/interaction-contract.json,04_EXECUTABLE_REFERENCE,2847,7c02d73bfe38f4dc5a82701c0cf3b2f780d79e531de74402cc660a8ba2588f86
04_EXECUTABLE_REFERENCE/DealPME_V3_Release/services/deal-experts/EX-03/index.html,04_EXECUTABLE_REFERENCE,306,a59e2bca5e385f621b147f3980ff716a42492184866dc1360eaee3fc81259526
04_EXECUTABLE_REFERENCE/DealPME_V3_Release/services/deal-experts/EX-03/sample.md,04_EXECUTABLE_REFERENCE,4381,6c88fd20d6e69424107bb6ae8287249c9214bf27c52ae05c3f77e145d423f362
04_EXECUTABLE_REFERENCE/DealPME_V3_Release/services/deal-experts/EX-03/standalone.html,04_EXECUTABLE_REFERENCE,22678,a885a404f0c97cd0c4da78a7281ea629849389bb7ebde40c6470195fc5cf9dba
04_EXECUTABLE_REFERENCE/DealPME_V3_Release/services/deal-experts/EX-03/styles.css,04_EXECUTABLE_REFERENCE,5814,b1b46369f6ebee52520974332d5e041eedc1408218c3ba596f93f817c6158ce8
04_EXECUTABLE_REFERENCE/DealPME_V3_Release/services/deal-ready/DR-01/DEV_INDEX.md,04_EXECUTABLE_REFERENCE,361,409a54078bd2c60e136a8096cd618bee9d582c10cddfdf9f2c23ae179b0cc8f4
04_EXECUTABLE_REFERENCE/DealPME_V3_Release/services/deal-ready/DR-01/app.js,04_EXECUTABLE_REFERENCE,7666,c2995c9cd81599d723c50b6211e2254075a2239c763bc1efa60a4ab7f4325806
04_EXECUTABLE_REFERENCE/DealPME_V3_Release/services/deal-ready/DR-01/assets/dealpme-logo.jpg,04_EXECUTABLE_REFERENCE,16596,14e96ab26c9d691bb9a34716f8006869e12f6e99e6778a98967280fcb83dacc8
04_EXECUTABLE_REFERENCE/DealPME_V3_Release/services/deal-ready/DR-01/data/embed.js,04_EXECUTABLE_REFERENCE,9151,5679b62b3983dbad611e4664fb4c275647401dfcefaddf510fe38fe124166ab1
04_EXECUTABLE_REFERENCE/DealPME_V3_Release/services/deal-ready/DR-01/data/fixture.v3.json,04_EXECUTABLE_REFERENCE,10916,6fd52426cec6db1c492fdf51f444f2b939aa070dc1018c39999d6f53fc844e4e
04_EXECUTABLE_REFERENCE/DealPME_V3_Release/services/deal-ready/DR-01/data/interaction-contract.json,04_EXECUTABLE_REFERENCE,2847,fd3946642f16987791c05a2ae67ca71a0aab4cc57e35aa78ba8b20d20a5acc59
04_EXECUTABLE_REFERENCE/DealPME_V3_Release/services/deal-ready/DR-01/index.html,04_EXECUTABLE_REFERENCE,305,dc363a5d2369f6a48cc427178c260dfe054f3ea43e08c949a3296d4133f15969
04_EXECUTABLE_REFERENCE/DealPME_V3_Release/services/deal-ready/DR-01/sample.md,04_EXECUTABLE_REFERENCE,4550,57748320dc9a6ed7e7673a74214d5681c6a3d37e1f5d933a2a3e17d71a00a0dd
04_EXECUTABLE_REFERENCE/DealPME_V3_Release/services/deal-ready/DR-01/standalone.html,04_EXECUTABLE_REFERENCE,22891,30719f0e2a43fb78282a193186de05b0b336cff7c4d6a86810c7811de2dbc859
04_EXECUTABLE_REFERENCE/DealPME_V3_Release/services/deal-ready/DR-01/styles.css,04_EXECUTABLE_REFERENCE,5814,b1b46369f6ebee52520974332d5e041eedc1408218c3ba596f93f817c6158ce8
04_EXECUTABLE_REFERENCE/DealPME_V3_Release/services/deal-ready/DR-02/DEV_INDEX.md,04_EXECUTABLE_REFERENCE,361,62f8e6a656351bdcbb2e0e594f94ecc6df664bfbde665eeb6e98605da70b9060
04_EXECUTABLE_REFERENCE/DealPME_V3_Release/services/deal-ready/DR-02/app.js,04_EXECUTABLE_REFERENCE,7666,c2995c9cd81599d723c50b6211e2254075a2239c763bc1efa60a4ab7f4325806
04_EXECUTABLE_REFERENCE/DealPME_V3_Release/services/deal-ready/DR-02/assets/dealpme-logo.jpg,04_EXECUTABLE_REFERENCE,16596,14e96ab26c9d691bb9a34716f8006869e12f6e99e6778a98967280fcb83dacc8
04_EXECUTABLE_REFERENCE/DealPME_V3_Release/services/deal-ready/DR-02/data/embed.js,04_EXECUTABLE_REFERENCE,8817,ba318e5ccde126f35fffc6cd1cccefb3037f08f04fe28eb5aed5bc92f33fb796
04_EXECUTABLE_REFERENCE/DealPME_V3_Release/services/deal-ready/DR-02/data/fixture.v3.json,04_EXECUTABLE_REFERENCE,10482,d9ad9195206dbe8d4a70f3d783b405fad2e0bc1b99e1c2e75ed8ca86956ea257
04_EXECUTABLE_REFERENCE/DealPME_V3_Release/services/deal-ready/DR-02/data/interaction-contract.json,04_EXECUTABLE_REFERENCE,2861,592c31769390c5ad537ea4f78912375ca32fb8c12d64e120fe7c746c4fe3c588
04_EXECUTABLE_REFERENCE/DealPME_V3_Release/services/deal-ready/DR-02/index.html,04_EXECUTABLE_REFERENCE,305,947490be23d746c9af2d73e720f01988729710f52d79cacd87ee8d99ab0fe3f4
04_EXECUTABLE_REFERENCE/DealPME_V3_Release/services/deal-ready/DR-02/sample.md,04_EXECUTABLE_REFERENCE,4389,032a24d6f53cad57af46b1bd25a6214a6d85bf7105d327d5098d564c515d2547
04_EXECUTABLE_REFERENCE/DealPME_V3_Release/services/deal-ready/DR-02/standalone.html,04_EXECUTABLE_REFERENCE,22557,8fc6cea5e6495c22d17533626d937c144fbc06f154fa0041b749c71287c1f06f
04_EXECUTABLE_REFERENCE/DealPME_V3_Release/services/deal-ready/DR-02/styles.css,04_EXECUTABLE_REFERENCE,5814,b1b46369f6ebee52520974332d5e041eedc1408218c3ba596f93f817c6158ce8
04_EXECUTABLE_REFERENCE/DealPME_V3_Release/services/deal-ready/DR-03/DEV_INDEX.md,04_EXECUTABLE_REFERENCE,361,f643ca82cb8b05d9687a79047d2c00a31d05b207032493f0e83d0e2af684073b
04_EXECUTABLE_REFERENCE/DealPME_V3_Release/services/deal-ready/DR-03/app.js,04_EXECUTABLE_REFERENCE,7666,c2995c9cd81599d723c50b6211e2254075a2239c763bc1efa60a4ab7f4325806
04_EXECUTABLE_REFERENCE/DealPME_V3_Release/services/deal-ready/DR-03/assets/dealpme-logo.jpg,04_EXECUTABLE_REFERENCE,16596,14e96ab26c9d691bb9a34716f8006869e12f6e99e6778a98967280fcb83dacc8
04_EXECUTABLE_REFERENCE/DealPME_V3_Release/services/deal-ready/DR-03/data/embed.js,04_EXECUTABLE_REFERENCE,9320,74c6c3d48890f66eeaff7af6ed2a1b9d50d69e52e9fb4fbc973172a0d6b6b6e3
04_EXECUTABLE_REFERENCE/DealPME_V3_Release/services/deal-ready/DR-03/data/fixture.v3.json,04_EXECUTABLE_REFERENCE,11053,082d9d21dee43894eea83dbbfb48685354f113b8b120492441a005aedaff8485
04_EXECUTABLE_REFERENCE/DealPME_V3_Release/services/deal-ready/DR-03/data/interaction-contract.json,04_EXECUTABLE_REFERENCE,2984,a7c160abe9e2e6c27d3fbad0639fad338df3e202e4b3131b84dad5f16c44405c
04_EXECUTABLE_REFERENCE/DealPME_V3_Release/services/deal-ready/DR-03/index.html,04_EXECUTABLE_REFERENCE,309,87320c33f8df35ad8839476220473559ae203c0a610a99a5e64cd553e889ddcd
04_EXECUTABLE_REFERENCE/DealPME_V3_Release/services/deal-ready/DR-03/sample.md,04_EXECUTABLE_REFERENCE,4616,da7ac88307aed537db30187566d3fe31f7931bcb685f3e17b9f31025cd83f146
04_EXECUTABLE_REFERENCE/DealPME_V3_Release/services/deal-ready/DR-03/standalone.html,04_EXECUTABLE_REFERENCE,23064,31fb433b9c47f001794d52f6f82378031fdb936f55803be288b15345799ac4bd
04_EXECUTABLE_REFERENCE/DealPME_V3_Release/services/deal-ready/DR-03/styles.css,04_EXECUTABLE_REFERENCE,5814,b1b46369f6ebee52520974332d5e041eedc1408218c3ba596f93f817c6158ce8
04_EXECUTABLE_REFERENCE/DealPME_V3_Release/services/guichet-diaspora/DIA-01/DEV_INDEX.md,04_EXECUTABLE_REFERENCE,368,6944d036435aff49d3567cb651bf456e321c91e189d7d7f74329a0920e905000
04_EXECUTABLE_REFERENCE/DealPME_V3_Release/services/guichet-diaspora/DIA-01/app.js,04_EXECUTABLE_REFERENCE,7666,c2995c9cd81599d723c50b6211e2254075a2239c763bc1efa60a4ab7f4325806
04_EXECUTABLE_REFERENCE/DealPME_V3_Release/services/guichet-diaspora/DIA-01/assets/dealpme-logo.jpg,04_EXECUTABLE_REFERENCE,16596,14e96ab26c9d691bb9a34716f8006869e12f6e99e6778a98967280fcb83dacc8
04_EXECUTABLE_REFERENCE/DealPME_V3_Release/services/guichet-diaspora/DIA-01/data/embed.js,04_EXECUTABLE_REFERENCE,9152,27c520469b1a196ec3569c0411dbaa11a2f22a791d68236290d24ccbef9b01de
04_EXECUTABLE_REFERENCE/DealPME_V3_Release/services/guichet-diaspora/DIA-01/data/fixture.v3.json,04_EXECUTABLE_REFERENCE,10917,fd9636761836a29253c7c950141757690e2b6ece0bee108f18442024283e20f3
04_EXECUTABLE_REFERENCE/DealPME_V3_Release/services/guichet-diaspora/DIA-01/data/interaction-contract.json,04_EXECUTABLE_REFERENCE,2853,82f3c63f2e622d7bad517f3228de81d40b946a45dd232bc322dd16c03cc28c79
04_EXECUTABLE_REFERENCE/DealPME_V3_Release/services/guichet-diaspora/DIA-01/index.html,04_EXECUTABLE_REFERENCE,315,f030a3aa7e877cb6ae6d4b19b4de9a6bf7272f5891dc1d2c99ef31424571c854
04_EXECUTABLE_REFERENCE/DealPME_V3_Release/services/guichet-diaspora/DIA-01/sample.md,04_EXECUTABLE_REFERENCE,4558,15196272ea0a240fd1644acfebd0ad012a5084ab594bd8af0528fbd1f3ac6725
04_EXECUTABLE_REFERENCE/DealPME_V3_Release/services/guichet-diaspora/DIA-01/standalone.html,04_EXECUTABLE_REFERENCE,22902,6cb67c28318d78f97400b69737a0856a1509226f2a4eb923c2fb0b57e5aeaca0
04_EXECUTABLE_REFERENCE/DealPME_V3_Release/services/guichet-diaspora/DIA-01/styles.css,04_EXECUTABLE_REFERENCE,5814,b1b46369f6ebee52520974332d5e041eedc1408218c3ba596f93f817c6158ce8
04_EXECUTABLE_REFERENCE/DealPME_V3_Release/services/guichet-diaspora/DIA-02/DEV_INDEX.md,04_EXECUTABLE_REFERENCE,368,03fcc9fc0e773c734df89a5a897a4cf5758e8f28bcceda20d96f6cc9ebc4eb17
04_EXECUTABLE_REFERENCE/DealPME_V3_Release/services/guichet-diaspora/DIA-02/app.js,04_EXECUTABLE_REFERENCE,7666,c2995c9cd81599d723c50b6211e2254075a2239c763bc1efa60a4ab7f4325806
04_EXECUTABLE_REFERENCE/DealPME_V3_Release/services/guichet-diaspora/DIA-02/assets/dealpme-logo.jpg,04_EXECUTABLE_REFERENCE,16596,14e96ab26c9d691bb9a34716f8006869e12f6e99e6778a98967280fcb83dacc8
04_EXECUTABLE_REFERENCE/DealPME_V3_Release/services/guichet-diaspora/DIA-02/data/embed.js,04_EXECUTABLE_REFERENCE,9576,dc56c568164417e8bc6242dfe664c381084ee9b40c761b358abcc8e5583f9db0
04_EXECUTABLE_REFERENCE/DealPME_V3_Release/services/guichet-diaspora/DIA-02/data/fixture.v3.json,04_EXECUTABLE_REFERENCE,11309,4180a463e4d4dccd44a9a2ac9667d4ba3ef0afe7d449005ab9463acabed02a5a
04_EXECUTABLE_REFERENCE/DealPME_V3_Release/services/guichet-diaspora/DIA-02/data/interaction-contract.json,04_EXECUTABLE_REFERENCE,3042,7b85af0f6038f538d76bd7892ca658a067e88fddb4f22c998561b30abc68c2fc
04_EXECUTABLE_REFERENCE/DealPME_V3_Release/services/guichet-diaspora/DIA-02/index.html,04_EXECUTABLE_REFERENCE,321,3cea25f3004ef0cd839141d74d9f776681d96323b9458dc27e7f145d66bc8254
04_EXECUTABLE_REFERENCE/DealPME_V3_Release/services/guichet-diaspora/DIA-02/sample.md,04_EXECUTABLE_REFERENCE,4800,a73ac66b94f70bf6acc8011ea37c8648d8f7b08fbd793b84994d3fee8702e7be
04_EXECUTABLE_REFERENCE/DealPME_V3_Release/services/guichet-diaspora/DIA-02/standalone.html,04_EXECUTABLE_REFERENCE,23332,ed18704dae82e11b591ce5d62625b8fac1709405380eb1fbfd9bbb3a8df2bf62
04_EXECUTABLE_REFERENCE/DealPME_V3_Release/services/guichet-diaspora/DIA-02/styles.css,04_EXECUTABLE_REFERENCE,5814,b1b46369f6ebee52520974332d5e041eedc1408218c3ba596f93f817c6158ce8
04_EXECUTABLE_REFERENCE/DealPME_V3_Release/services/guichet-diaspora/DIA-03/DEV_INDEX.md,04_EXECUTABLE_REFERENCE,368,a982e458376c1d142bdf9b50649158d1680e7b3765517e41a07f7d121950a82d
04_EXECUTABLE_REFERENCE/DealPME_V3_Release/services/guichet-diaspora/DIA-03/app.js,04_EXECUTABLE_REFERENCE,7666,c2995c9cd81599d723c50b6211e2254075a2239c763bc1efa60a4ab7f4325806
04_EXECUTABLE_REFERENCE/DealPME_V3_Release/services/guichet-diaspora/DIA-03/assets/dealpme-logo.jpg,04_EXECUTABLE_REFERENCE,16596,14e96ab26c9d691bb9a34716f8006869e12f6e99e6778a98967280fcb83dacc8
04_EXECUTABLE_REFERENCE/DealPME_V3_Release/services/guichet-diaspora/DIA-03/data/embed.js,04_EXECUTABLE_REFERENCE,9032,8122c927399cf3277bd251661d4b9c42ad730fa0c6306f5fa0b53a0b6d68ae80
04_EXECUTABLE_REFERENCE/DealPME_V3_Release/services/guichet-diaspora/DIA-03/data/fixture.v3.json,04_EXECUTABLE_REFERENCE,10737,6ab14987bb734365acb05601dc36635c3d0597f214c1ccb7bb84cdbd62d67ddb
04_EXECUTABLE_REFERENCE/DealPME_V3_Release/services/guichet-diaspora/DIA-03/data/interaction-contract.json,04_EXECUTABLE_REFERENCE,2870,311f95fc55e88dc22027fa64d95d7d4a2087f282ec56cbd8c025cf112063909f
04_EXECUTABLE_REFERENCE/DealPME_V3_Release/services/guichet-diaspora/DIA-03/index.html,04_EXECUTABLE_REFERENCE,317,12dec10382ea7ff72e99486376afc7aced36f864b0369e66d8f758077249fda1
04_EXECUTABLE_REFERENCE/DealPME_V3_Release/services/guichet-diaspora/DIA-03/sample.md,04_EXECUTABLE_REFERENCE,4470,2e6a57093154a9fae843a78038b0d93c7ef89a1e12b7bf2e9966449c8459da47
04_EXECUTABLE_REFERENCE/DealPME_V3_Release/services/guichet-diaspora/DIA-03/standalone.html,04_EXECUTABLE_REFERENCE,22784,475c3761fc37eab8b750a38540dfac5347a8cf0a973886e1bfb5e2b1eee085cb
04_EXECUTABLE_REFERENCE/DealPME_V3_Release/services/guichet-diaspora/DIA-03/styles.css,04_EXECUTABLE_REFERENCE,5814,b1b46369f6ebee52520974332d5e041eedc1408218c3ba596f93f817c6158ce8
04_EXECUTABLE_REFERENCE/DealPME_V3_Release/services/legaltech-ohada/LEG-01/DEV_INDEX.md,04_EXECUTABLE_REFERENCE,367,5cd8aab965e82d04efb0a3e05f649c39b95be106d7e397dc2f05f83c7f76177f
04_EXECUTABLE_REFERENCE/DealPME_V3_Release/services/legaltech-ohada/LEG-01/app.js,04_EXECUTABLE_REFERENCE,7666,c2995c9cd81599d723c50b6211e2254075a2239c763bc1efa60a4ab7f4325806
04_EXECUTABLE_REFERENCE/DealPME_V3_Release/services/legaltech-ohada/LEG-01/assets/dealpme-logo.jpg,04_EXECUTABLE_REFERENCE,16596,14e96ab26c9d691bb9a34716f8006869e12f6e99e6778a98967280fcb83dacc8
04_EXECUTABLE_REFERENCE/DealPME_V3_Release/services/legaltech-ohada/LEG-01/data/embed.js,04_EXECUTABLE_REFERENCE,8740,cd8ad30b8607f4766f20fe2b13931a6d9e3e442780729151ded36d2aac563612
04_EXECUTABLE_REFERENCE/DealPME_V3_Release/services/legaltech-ohada/LEG-01/data/fixture.v3.json,04_EXECUTABLE_REFERENCE,10397,4f6e4b13aa9c075030c59ef349a594a89bec9da5f00d7ba597d51c23920edde6
04_EXECUTABLE_REFERENCE/DealPME_V3_Release/services/legaltech-ohada/LEG-01/data/interaction-contract.json,04_EXECUTABLE_REFERENCE,2847,3d6b7460d9f03af8c810af6d9a03c5efb70780121e724ca6df7ff26a24fe9785
04_EXECUTABLE_REFERENCE/DealPME_V3_Release/services/legaltech-ohada/LEG-01/index.html,04_EXECUTABLE_REFERENCE,304,73d8be47ed64f07e8e7c422cf09b8f03d51cc7ce27caff82904fdfd82dfe3b4d
04_EXECUTABLE_REFERENCE/DealPME_V3_Release/services/legaltech-ohada/LEG-01/sample.md,04_EXECUTABLE_REFERENCE,4441,6862969a98f2a2df5afc01782626f14beb260991e491f69eecebda88176764db
04_EXECUTABLE_REFERENCE/DealPME_V3_Release/services/legaltech-ohada/LEG-01/standalone.html,04_EXECUTABLE_REFERENCE,22479,8f18f3a9f35344303f77db29e89e98f82fd6491356873393878fb1e74376d274
04_EXECUTABLE_REFERENCE/DealPME_V3_Release/services/legaltech-ohada/LEG-01/styles.css,04_EXECUTABLE_REFERENCE,5814,b1b46369f6ebee52520974332d5e041eedc1408218c3ba596f93f817c6158ce8
04_EXECUTABLE_REFERENCE/DealPME_V3_Release/services/legaltech-ohada/LEG-02/DEV_INDEX.md,04_EXECUTABLE_REFERENCE,367,035ff0f31e706a6cb433ee363fc9e7e0994113aee7d2bb41b4fa7fb26bf3854a
04_EXECUTABLE_REFERENCE/DealPME_V3_Release/services/legaltech-ohada/LEG-02/app.js,04_EXECUTABLE_REFERENCE,7666,c2995c9cd81599d723c50b6211e2254075a2239c763bc1efa60a4ab7f4325806
04_EXECUTABLE_REFERENCE/DealPME_V3_Release/services/legaltech-ohada/LEG-02/assets/dealpme-logo.jpg,04_EXECUTABLE_REFERENCE,16596,14e96ab26c9d691bb9a34716f8006869e12f6e99e6778a98967280fcb83dacc8
04_EXECUTABLE_REFERENCE/DealPME_V3_Release/services/legaltech-ohada/LEG-02/data/embed.js,04_EXECUTABLE_REFERENCE,9168,f4ae1d58ddd18f5a5aa22cd4e8cb308a45e22237e8b0904df0042068813922cb
04_EXECUTABLE_REFERENCE/DealPME_V3_Release/services/legaltech-ohada/LEG-02/data/fixture.v3.json,04_EXECUTABLE_REFERENCE,10901,32038bdcbb152e51fa515d7acfa58dc1330bec2d4aad21d1426faec3fe8254d1
04_EXECUTABLE_REFERENCE/DealPME_V3_Release/services/legaltech-ohada/LEG-02/data/interaction-contract.json,04_EXECUTABLE_REFERENCE,2862,6ce312ba153774a4934a6b8066d7de2868e3793f01119d74a4eeb6ad5787b661
04_EXECUTABLE_REFERENCE/DealPME_V3_Release/services/legaltech-ohada/LEG-02/index.html,04_EXECUTABLE_REFERENCE,320,64db6d9855a86200aacc016c68e7b7ef921c766cab1cc4420c954d7e0b152ba3
04_EXECUTABLE_REFERENCE/DealPME_V3_Release/services/legaltech-ohada/LEG-02/sample.md,04_EXECUTABLE_REFERENCE,4549,b7acb41b8b83fe00abd72510bce52590fcaacfbd72ff9fda25a67110c6028705
04_EXECUTABLE_REFERENCE/DealPME_V3_Release/services/legaltech-ohada/LEG-02/standalone.html,04_EXECUTABLE_REFERENCE,22923,896603ee7b4230b8099080ce5bcad731805c4cc13e8725b1da59cff44b2a9df1
04_EXECUTABLE_REFERENCE/DealPME_V3_Release/services/legaltech-ohada/LEG-02/styles.css,04_EXECUTABLE_REFERENCE,5814,b1b46369f6ebee52520974332d5e041eedc1408218c3ba596f93f817c6158ce8
04_EXECUTABLE_REFERENCE/DealPME_V3_Release/services/legaltech-ohada/LEG-03/DEV_INDEX.md,04_EXECUTABLE_REFERENCE,367,72f1011449d9564cfbf8bc01c328a9635b72472f202b70adf42d09967c915504
04_EXECUTABLE_REFERENCE/DealPME_V3_Release/services/legaltech-ohada/LEG-03/app.js,04_EXECUTABLE_REFERENCE,7666,c2995c9cd81599d723c50b6211e2254075a2239c763bc1efa60a4ab7f4325806
04_EXECUTABLE_REFERENCE/DealPME_V3_Release/services/legaltech-ohada/LEG-03/assets/dealpme-logo.jpg,04_EXECUTABLE_REFERENCE,16596,14e96ab26c9d691bb9a34716f8006869e12f6e99e6778a98967280fcb83dacc8
04_EXECUTABLE_REFERENCE/DealPME_V3_Release/services/legaltech-ohada/LEG-03/data/embed.js,04_EXECUTABLE_REFERENCE,9341,f0902e8e7b075c4b5554fb0b9c4ed4e907e3d6e07fbfec7e02ce7756ba002227
04_EXECUTABLE_REFERENCE/DealPME_V3_Release/services/legaltech-ohada/LEG-03/data/fixture.v3.json,04_EXECUTABLE_REFERENCE,11034,a28850bbd8a4812afafe41ecd841697c801f4c3c70f4f95c35ea655a3d0fdf89
04_EXECUTABLE_REFERENCE/DealPME_V3_Release/services/legaltech-ohada/LEG-03/data/interaction-contract.json,04_EXECUTABLE_REFERENCE,3025,29e5bbe474aee3b1a43ec788a628b8a25effd729754c1d01e8581d4a5a916278
04_EXECUTABLE_REFERENCE/DealPME_V3_Release/services/legaltech-ohada/LEG-03/index.html,04_EXECUTABLE_REFERENCE,304,9ed427d4e25a85141c268c2f74b7d699c2f512d3dff72f0fd42f4a91ad9db01a
04_EXECUTABLE_REFERENCE/DealPME_V3_Release/services/legaltech-ohada/LEG-03/sample.md,04_EXECUTABLE_REFERENCE,4729,3d345a370db92f03c82cebdbc3afb31aa7ac5dcc10af618f1597d6cc62cc02a9
04_EXECUTABLE_REFERENCE/DealPME_V3_Release/services/legaltech-ohada/LEG-03/standalone.html,04_EXECUTABLE_REFERENCE,23080,685e1784362a5b7da6fc427e9c15b4b6e2b0ef96517121537bd79877a25df6fb
04_EXECUTABLE_REFERENCE/DealPME_V3_Release/services/legaltech-ohada/LEG-03/styles.css,04_EXECUTABLE_REFERENCE,5814,b1b46369f6ebee52520974332d5e041eedc1408218c3ba596f93f817c6158ce8
04_EXECUTABLE_REFERENCE/DealPME_V3_Release/services/manifest.json,04_EXECUTABLE_REFERENCE,6193,dfb2d2d2655c8eca4c905b9b87c4e3ebab457b957d7309d1a16b6908398e19b2
04_EXECUTABLE_REFERENCE/DealPME_V3_Release/services/qa/alerte-rebond-e2e.json,04_EXECUTABLE_REFERENCE,2861,e6fdeb2e96f621c3b671440bc1dc0c622dfa267fba9ac63b16cbe91d6b82d115
04_EXECUTABLE_REFERENCE/DealPME_V3_Release/services/qa/alerte-rebond-interactions.json,04_EXECUTABLE_REFERENCE,73,8d587769316a868add0b514ff8d75b28a5cf2d9b117e53749e019d5b7a0257ec
04_EXECUTABLE_REFERENCE/DealPME_V3_Release/services/qa/alerte-rebond-triplet.json,04_EXECUTABLE_REFERENCE,99,a95ef38d437b67c29439849f54ad3df4163701d34d901ba99cd70f7339a080cc
04_EXECUTABLE_REFERENCE/DealPME_V3_Release/services/qa/conformite-fiscalite-e2e.json,04_EXECUTABLE_REFERENCE,2871,0cefcf49aa608bf58197b4de77f55ce7bf2f41ebd3054df85d4d11cabfc372ae
04_EXECUTABLE_REFERENCE/DealPME_V3_Release/services/qa/conformite-fiscalite-interactions.json,04_EXECUTABLE_REFERENCE,73,8d587769316a868add0b514ff8d75b28a5cf2d9b117e53749e019d5b7a0257ec
04_EXECUTABLE_REFERENCE/DealPME_V3_Release/services/qa/conformite-fiscalite-triplet.json,04_EXECUTABLE_REFERENCE,99,a95ef38d437b67c29439849f54ad3df4163701d34d901ba99cd70f7339a080cc
04_EXECUTABLE_REFERENCE/DealPME_V3_Release/services/qa/deal-connect-e2e.json,04_EXECUTABLE_REFERENCE,2863,8f1af5e67cfba9090b1933a8a14a816c85ec1d7dacd03c5de2b2a38c2566bf07
04_EXECUTABLE_REFERENCE/DealPME_V3_Release/services/qa/deal-connect-interactions.json,04_EXECUTABLE_REFERENCE,73,8d587769316a868add0b514ff8d75b28a5cf2d9b117e53749e019d5b7a0257ec
04_EXECUTABLE_REFERENCE/DealPME_V3_Release/services/qa/deal-connect-triplet.json,04_EXECUTABLE_REFERENCE,99,a95ef38d437b67c29439849f54ad3df4163701d34d901ba99cd70f7339a080cc
04_EXECUTABLE_REFERENCE/DealPME_V3_Release/services/qa/deal-experts-e2e.json,04_EXECUTABLE_REFERENCE,2860,54df6d7be8c30a34d37f59e662f3866ae32c7a6a295571253d33ae8e0bc11b94
04_EXECUTABLE_REFERENCE/DealPME_V3_Release/services/qa/deal-experts-interactions.json,04_EXECUTABLE_REFERENCE,73,8d587769316a868add0b514ff8d75b28a5cf2d9b117e53749e019d5b7a0257ec
04_EXECUTABLE_REFERENCE/DealPME_V3_Release/services/qa/deal-experts-triplet.json,04_EXECUTABLE_REFERENCE,99,a95ef38d437b67c29439849f54ad3df4163701d34d901ba99cd70f7339a080cc
04_EXECUTABLE_REFERENCE/DealPME_V3_Release/services/qa/deal-ready-e2e.json,04_EXECUTABLE_REFERENCE,2858,675741d417717880dd628eb20fb4e9bc66c42f7368e5a56f94490905f7089d7b
04_EXECUTABLE_REFERENCE/DealPME_V3_Release/services/qa/deal-ready-interactions.json,04_EXECUTABLE_REFERENCE,73,8d587769316a868add0b514ff8d75b28a5cf2d9b117e53749e019d5b7a0257ec
04_EXECUTABLE_REFERENCE/DealPME_V3_Release/services/qa/deal-ready-triplet.json,04_EXECUTABLE_REFERENCE,99,a95ef38d437b67c29439849f54ad3df4163701d34d901ba99cd70f7339a080cc
04_EXECUTABLE_REFERENCE/DealPME_V3_Release/services/qa/guichet-diaspora-e2e.json,04_EXECUTABLE_REFERENCE,2867,60c8247ea524f0971a9c053a6419fd6c3f2162623b19c88fe5709035ace16efd
04_EXECUTABLE_REFERENCE/DealPME_V3_Release/services/qa/guichet-diaspora-interactions.json,04_EXECUTABLE_REFERENCE,73,8d587769316a868add0b514ff8d75b28a5cf2d9b117e53749e019d5b7a0257ec
04_EXECUTABLE_REFERENCE/DealPME_V3_Release/services/qa/guichet-diaspora-triplet.json,04_EXECUTABLE_REFERENCE,99,a95ef38d437b67c29439849f54ad3df4163701d34d901ba99cd70f7339a080cc
04_EXECUTABLE_REFERENCE/DealPME_V3_Release/services/qa/legaltech-ohada-e2e.json,04_EXECUTABLE_REFERENCE,2866,c5b8e8bc1cdd3ad1e1016cf5b369455a79db6efbfbe75ddbf6a3f539d1e0102c
04_EXECUTABLE_REFERENCE/DealPME_V3_Release/services/qa/legaltech-ohada-interactions.json,04_EXECUTABLE_REFERENCE,73,8d587769316a868add0b514ff8d75b28a5cf2d9b117e53749e019d5b7a0257ec
04_EXECUTABLE_REFERENCE/DealPME_V3_Release/services/qa/legaltech-ohada-triplet.json,04_EXECUTABLE_REFERENCE,99,a95ef38d437b67c29439849f54ad3df4163701d34d901ba99cd70f7339a080cc
04_EXECUTABLE_REFERENCE/DealPME_V3_Release/services/qa/screenshots/AR-01.png,04_EXECUTABLE_REFERENCE,264563,cd9ee6fa881cb378d14926e79df866825f61d7901666caf26fc9f472c814564b
04_EXECUTABLE_REFERENCE/DealPME_V3_Release/services/qa/screenshots/AR-02.png,04_EXECUTABLE_REFERENCE,286883,e30b8c861b4de4901a86b11a56294ddea10495decd4939db078e75751861146e
04_EXECUTABLE_REFERENCE/DealPME_V3_Release/services/qa/screenshots/AR-03.png,04_EXECUTABLE_REFERENCE,280474,70bc2b653e9505ca05de2418a94ba458b5b814277f75710656d42dbed4fe502b
04_EXECUTABLE_REFERENCE/DealPME_V3_Release/services/qa/screenshots/CNX-01.png,04_EXECUTABLE_REFERENCE,276044,03a3554865d08e0faf8c0943acd343fdfc9dce95c08540869252120b8554a4eb
04_EXECUTABLE_REFERENCE/DealPME_V3_Release/services/qa/screenshots/CNX-02.png,04_EXECUTABLE_REFERENCE,289429,b529fcbd0f49b69a418155a419f0f38a7c8ea2200500c62f803c9f7d6bf447e7
04_EXECUTABLE_REFERENCE/DealPME_V3_Release/services/qa/screenshots/CNX-03.png,04_EXECUTABLE_REFERENCE,260209,ea679831c3600e3d73011bbe8e2dc6fe07030e67a46562988e1e380beec5b204
04_EXECUTABLE_REFERENCE/DealPME_V3_Release/services/qa/screenshots/DIA-01.png,04_EXECUTABLE_REFERENCE,263436,c7d926417af170a76a120763a3b29de09b9f22cf5101a99ca1c5c963576bab17
04_EXECUTABLE_REFERENCE/DealPME_V3_Release/services/qa/screenshots/DIA-02.png,04_EXECUTABLE_REFERENCE,304710,0b46aad2281982acb13a6023594ba56159251e583b17f726f9fafe446a6fd38a
04_EXECUTABLE_REFERENCE/DealPME_V3_Release/services/qa/screenshots/DIA-03.png,04_EXECUTABLE_REFERENCE,284081,712e17c2d7b5f418ac1eabbbbc9e286687bff7ed7367f039ad89a8dc1972bbe8
04_EXECUTABLE_REFERENCE/DealPME_V3_Release/services/qa/screenshots/DR-01.png,04_EXECUTABLE_REFERENCE,268922,a379f6218544c4ace0dfccf6c417eb78ce2f04e87f67a811f9cec8006cdb5a1a
04_EXECUTABLE_REFERENCE/DealPME_V3_Release/services/qa/screenshots/DR-02.png,04_EXECUTABLE_REFERENCE,276014,33f92a84b67dfd0b480a557f72fda69ba8b13f645ef3cfae6b8b24f744d4c968
04_EXECUTABLE_REFERENCE/DealPME_V3_Release/services/qa/screenshots/DR-03.png,04_EXECUTABLE_REFERENCE,276908,6eb1b2e165abb6b28722778237b94d5f51570fd0ef3fa6ebd1831d7296b1c8ea
04_EXECUTABLE_REFERENCE/DealPME_V3_Release/services/qa/screenshots/EX-01.png,04_EXECUTABLE_REFERENCE,279027,389fb7a020b3180f82e8e9fa993fe2587ab6bab3a62364db9ff8e14a6090abdd
04_EXECUTABLE_REFERENCE/DealPME_V3_Release/services/qa/screenshots/EX-02.png,04_EXECUTABLE_REFERENCE,277300,b4889164c2e1d1b4253c9573ce2732700a584bdcd345a88e66c121046237117b
04_EXECUTABLE_REFERENCE/DealPME_V3_Release/services/qa/screenshots/EX-03.png,04_EXECUTABLE_REFERENCE,279864,7f236dc44fca5a0262ace0fae7f636919c41b560379d690b63d051eab2ffa769
04_EXECUTABLE_REFERENCE/DealPME_V3_Release/services/qa/screenshots/LEG-01.png,04_EXECUTABLE_REFERENCE,259576,c50eaa547f97f5eacc290ce2f12cd12f4db278583d5ce68e8f9595dfa240db76
04_EXECUTABLE_REFERENCE/DealPME_V3_Release/services/qa/screenshots/LEG-02.png,04_EXECUTABLE_REFERENCE,289731,22dc62cacbe42423dcbcb18d1a5508bd6a45d245fe268df06124d45e1d2e0ec9
04_EXECUTABLE_REFERENCE/DealPME_V3_Release/services/qa/screenshots/LEG-03.png,04_EXECUTABLE_REFERENCE,298345,a8e21729b7f80187fe55d2c7ce2718775055cfbf881c756bf131a38aa10af675
04_EXECUTABLE_REFERENCE/DealPME_V3_Release/services/qa/screenshots/TAX-01.png,04_EXECUTABLE_REFERENCE,272004,c6bd581cc80c498d1f245e2ae11702921b9aa7cf1622c65b4a7e62872068a490
04_EXECUTABLE_REFERENCE/DealPME_V3_Release/services/qa/screenshots/TAX-02.png,04_EXECUTABLE_REFERENCE,271459,157458f7d95e1e290827c58f0ea033ac96bd414977f3e524c497603c1019112a
04_EXECUTABLE_REFERENCE/DealPME_V3_Release/services/qa/screenshots/TAX-03.png,04_EXECUTABLE_REFERENCE,276285,33a8fad3413eaec08e400fca53ed3f3a81c1f4e37517638c3f07629a1c3f9c17
04_EXECUTABLE_REFERENCE/DealPME_V3_Release/services/qa/screenshots/VDR-01.png,04_EXECUTABLE_REFERENCE,263477,86e029636b43e26097549213cb4d0bfc43e3053935f7035c8feb5f9d41be05ba
04_EXECUTABLE_REFERENCE/DealPME_V3_Release/services/qa/screenshots/VDR-02.png,04_EXECUTABLE_REFERENCE,289281,6342c4821384be8c7fff83dbbdebe73e4fd6dce0558ae7dca41405c1221f6262
04_EXECUTABLE_REFERENCE/DealPME_V3_Release/services/qa/screenshots/VDR-03.png,04_EXECUTABLE_REFERENCE,264593,95367c533419a08e6156f878f3c901060dc2f9388ae3c7e90cc72bd39b8e9e03
04_EXECUTABLE_REFERENCE/DealPME_V3_Release/services/qa/service-validation-summary.json,04_EXECUTABLE_REFERENCE,1739,a1394a7424f42e1f7dface2369c13556e1872b0fdef6d105de7a7a5d17413252
04_EXECUTABLE_REFERENCE/DealPME_V3_Release/services/qa/vdr-qa-e2e.json,04_EXECUTABLE_REFERENCE,2857,851af84a9cbb3e808d30e4963a3c03a2d91ea528e782cd7b22fa8b09362ab312
04_EXECUTABLE_REFERENCE/DealPME_V3_Release/services/qa/vdr-qa-interactions.json,04_EXECUTABLE_REFERENCE,73,8d587769316a868add0b514ff8d75b28a5cf2d9b117e53749e019d5b7a0257ec
04_EXECUTABLE_REFERENCE/DealPME_V3_Release/services/qa/vdr-qa-triplet.json,04_EXECUTABLE_REFERENCE,99,a95ef38d437b67c29439849f54ad3df4163701d34d901ba99cd70f7339a080cc
04_EXECUTABLE_REFERENCE/DealPME_V3_Release/services/tests/run_service_e2e.py,04_EXECUTABLE_REFERENCE,4575,4ca2a9a96fd29787a65e787226009ea75101d0f4e70b4c376f84e8c847ac7e12
04_EXECUTABLE_REFERENCE/DealPME_V3_Release/services/tests/run_service_one.py,04_EXECUTABLE_REFERENCE,3557,2b1b215caa127a67928670b2bb58995ec8cc9e66ba408223e5444e8fe7050057
04_EXECUTABLE_REFERENCE/DealPME_V3_Release/services/vdr-qa/VDR-01/DEV_INDEX.md,04_EXECUTABLE_REFERENCE,358,611afe231bdb3edf39cbb56c3c561bbf520a6620bc10582d5b1b1a90b306dfda
04_EXECUTABLE_REFERENCE/DealPME_V3_Release/services/vdr-qa/VDR-01/app.js,04_EXECUTABLE_REFERENCE,7666,c2995c9cd81599d723c50b6211e2254075a2239c763bc1efa60a4ab7f4325806
04_EXECUTABLE_REFERENCE/DealPME_V3_Release/services/vdr-qa/VDR-01/assets/dealpme-logo.jpg,04_EXECUTABLE_REFERENCE,16596,14e96ab26c9d691bb9a34716f8006869e12f6e99e6778a98967280fcb83dacc8
04_EXECUTABLE_REFERENCE/DealPME_V3_Release/services/vdr-qa/VDR-01/data/embed.js,04_EXECUTABLE_REFERENCE,8744,6650fe8a80329cd8539e7b5fe7dc8e2dba963a5c1214ee7ef48c19daa2e89133
04_EXECUTABLE_REFERENCE/DealPME_V3_Release/services/vdr-qa/VDR-01/data/fixture.v3.json,04_EXECUTABLE_REFERENCE,10441,b98538632fa911044622318f3855ef91d47ec589b156d9567b70dfe0d3500825
04_EXECUTABLE_REFERENCE/DealPME_V3_Release/services/vdr-qa/VDR-01/data/interaction-contract.json,04_EXECUTABLE_REFERENCE,2804,d6bb907ba2857ba404b50c3a5ddb0a4780080c131f98efe02b2387e34b7b8b39
04_EXECUTABLE_REFERENCE/DealPME_V3_Release/services/vdr-qa/VDR-01/index.html,04_EXECUTABLE_REFERENCE,309,59840ad805bcf13433fd76ae619738e324ada98ab76d046e1d544a0a3779b194
04_EXECUTABLE_REFERENCE/DealPME_V3_Release/services/vdr-qa/VDR-01/sample.md,04_EXECUTABLE_REFERENCE,4325,afd1d4f2a22bec786918cc1cfccd6b890b29766704a29087e970fddbccd7a6f0
04_EXECUTABLE_REFERENCE/DealPME_V3_Release/services/vdr-qa/VDR-01/standalone.html,04_EXECUTABLE_REFERENCE,22488,df232d1fcc6cbcaca74656b6fe5f63b4e17e7a6e60450fadfd79c8481eec0506
04_EXECUTABLE_REFERENCE/DealPME_V3_Release/services/vdr-qa/VDR-01/styles.css,04_EXECUTABLE_REFERENCE,5814,b1b46369f6ebee52520974332d5e041eedc1408218c3ba596f93f817c6158ce8
04_EXECUTABLE_REFERENCE/DealPME_V3_Release/services/vdr-qa/VDR-02/DEV_INDEX.md,04_EXECUTABLE_REFERENCE,358,cda6ade4ed2868d58e5dde0b0327b8e1565cb2db1fbd53aab2bcb1b788304633
04_EXECUTABLE_REFERENCE/DealPME_V3_Release/services/vdr-qa/VDR-02/app.js,04_EXECUTABLE_REFERENCE,7666,c2995c9cd81599d723c50b6211e2254075a2239c763bc1efa60a4ab7f4325806
04_EXECUTABLE_REFERENCE/DealPME_V3_Release/services/vdr-qa/VDR-02/assets/dealpme-logo.jpg,04_EXECUTABLE_REFERENCE,16596,14e96ab26c9d691bb9a34716f8006869e12f6e99e6778a98967280fcb83dacc8
04_EXECUTABLE_REFERENCE/DealPME_V3_Release/services/vdr-qa/VDR-02/data/embed.js,04_EXECUTABLE_REFERENCE,9129,c739f60467021e8fd9ca7556a10b21fdf65cc95b6893b411e14fb62a13834dd5
04_EXECUTABLE_REFERENCE/DealPME_V3_Release/services/vdr-qa/VDR-02/data/fixture.v3.json,04_EXECUTABLE_REFERENCE,10822,e06dccfebf0a8cc11c737d3a49982768145bbb40936fbf72b136dd24c63249c0
04_EXECUTABLE_REFERENCE/DealPME_V3_Release/services/vdr-qa/VDR-02/data/interaction-contract.json,04_EXECUTABLE_REFERENCE,2951,a822f5912cd23452b40f7055d989fe362f02c12940204565146c674ea766cca7
04_EXECUTABLE_REFERENCE/DealPME_V3_Release/services/vdr-qa/VDR-02/index.html,04_EXECUTABLE_REFERENCE,302,07f73f3bb7f66e79317e130fcfb7d2d9f5f2e3b295f2848c689bc2ec9378618a
04_EXECUTABLE_REFERENCE/DealPME_V3_Release/services/vdr-qa/VDR-02/sample.md,04_EXECUTABLE_REFERENCE,4535,74924ef1ba852124f9e7f2ddf6505cb67e61a9c48e7761af10e944b3e277d89e
04_EXECUTABLE_REFERENCE/DealPME_V3_Release/services/vdr-qa/VDR-02/standalone.html,04_EXECUTABLE_REFERENCE,22866,4c8246fe0de2bfee6a9fc8f518fa598449fd96a6ffbae98112130a46fd9d719f
04_EXECUTABLE_REFERENCE/DealPME_V3_Release/services/vdr-qa/VDR-02/styles.css,04_EXECUTABLE_REFERENCE,5814,b1b46369f6ebee52520974332d5e041eedc1408218c3ba596f93f817c6158ce8
04_EXECUTABLE_REFERENCE/DealPME_V3_Release/services/vdr-qa/VDR-03/DEV_INDEX.md,04_EXECUTABLE_REFERENCE,358,f91254d51ef573b54aa09f93557710821c03eb571e30d51a684cd56442ed7bb6
04_EXECUTABLE_REFERENCE/DealPME_V3_Release/services/vdr-qa/VDR-03/app.js,04_EXECUTABLE_REFERENCE,7666,c2995c9cd81599d723c50b6211e2254075a2239c763bc1efa60a4ab7f4325806
04_EXECUTABLE_REFERENCE/DealPME_V3_Release/services/vdr-qa/VDR-03/assets/dealpme-logo.jpg,04_EXECUTABLE_REFERENCE,16596,14e96ab26c9d691bb9a34716f8006869e12f6e99e6778a98967280fcb83dacc8
04_EXECUTABLE_REFERENCE/DealPME_V3_Release/services/vdr-qa/VDR-03/data/embed.js,04_EXECUTABLE_REFERENCE,8871,7c83a6926a1226b59e8317054732b1f3ca104019ed8e467738c64c59091b1c1e
04_EXECUTABLE_REFERENCE/DealPME_V3_Release/services/vdr-qa/VDR-03/data/fixture.v3.json,04_EXECUTABLE_REFERENCE,10536,9601c298730f1591f79e9baba99ce2b662568eb4efedee7f4f78cdd7f3d976ee
04_EXECUTABLE_REFERENCE/DealPME_V3_Release/services/vdr-qa/VDR-03/data/interaction-contract.json,04_EXECUTABLE_REFERENCE,2856,83b2d21b11c280551fb82dda2878f654acb66ec2e780af489e0eec7340355673
04_EXECUTABLE_REFERENCE/DealPME_V3_Release/services/vdr-qa/VDR-03/index.html,04_EXECUTABLE_REFERENCE,306,d9e000c1c8256ff1785792b9f804b2fa114845d5d6358890e161c5967b59d01d
04_EXECUTABLE_REFERENCE/DealPME_V3_Release/services/vdr-qa/VDR-03/sample.md,04_EXECUTABLE_REFERENCE,4381,e7a58d98844d9b75a7a4aede96b512c2769f1c148718f0d03d382598e04e8aef
04_EXECUTABLE_REFERENCE/DealPME_V3_Release/services/vdr-qa/VDR-03/standalone.html,04_EXECUTABLE_REFERENCE,22612,f60002aee4f92b8cce0210b7ef7e6289227137bfedc1886d5711e85fb23b659f
04_EXECUTABLE_REFERENCE/DealPME_V3_Release/services/vdr-qa/VDR-03/styles.css,04_EXECUTABLE_REFERENCE,5814,b1b46369f6ebee52520974332d5e041eedc1408218c3ba596f93f817c6158ce8
04_EXECUTABLE_REFERENCE/DealPME_V3_Release/skill-packages/dealpme-deal-fixture-architect/skill.zip,04_EXECUTABLE_REFERENCE,15798,2735703e78489fdbfbd59418fb0ed11e48dedc612092f616853527373d839907
04_EXECUTABLE_REFERENCE/DealPME_V3_Release/skill-packages/dealpme-disclosure-announcement/skill.zip,04_EXECUTABLE_REFERENCE,1679706,0e348fe01ad3132a6e6741a49361b99415a7835775b358e0136830d35c604507
04_EXECUTABLE_REFERENCE/DealPME_V3_Release/skill-packages/dealpme-fixture-quality-assurance/skill.zip,04_EXECUTABLE_REFERENCE,12774,779e617a731e0a85bfb4838c929f5075a6fb33adfceceff50020a7f6ab60e6c7
04_EXECUTABLE_REFERENCE/DealPME_V3_Release/skill-packages/dealpme-interactive-reference-builder/skill.zip,04_EXECUTABLE_REFERENCE,1665638,6d20b3a72d2ae5c2ceed5a4685f9f3e89a3678a1600f7363baaa44091868be20
04_EXECUTABLE_REFERENCE/DealPME_V3_Release/skill-packages/dealpme-service-scenario-generator/skill.zip,04_EXECUTABLE_REFERENCE,12880,1fa2f51772364c3b03e45ee92625b301ec654a81a69a1a122b0dddcc824eecee
04_EXECUTABLE_REFERENCE/DealPME_V3_Release/skill-packages/dealpme-vdr-intelligence-architect/skill.zip,04_EXECUTABLE_REFERENCE,1444937,8dd8209b97b8b1c68d14795a20d4647f6f80d5c8efdcfbd74275fbd921b24837
04_EXECUTABLE_REFERENCE/DealPME_V3_Release/skills/dealpme-deal-fixture-architect/SKILL.md,04_EXECUTABLE_REFERENCE,3832,6704423008ff1c6fefebeedd8cbddeb29e89cadfd48124a8c0234c97e97df230
04_EXECUTABLE_REFERENCE/DealPME_V3_Release/skills/dealpme-deal-fixture-architect/agents/openai.yaml,04_EXECUTABLE_REFERENCE,152,541b446df5d181c3f79d9e7988a070af89387e285847d3a4c8b75d173c0de448
04_EXECUTABLE_REFERENCE/DealPME_V3_Release/skills/dealpme-deal-fixture-architect/references/content-completeness.md,04_EXECUTABLE_REFERENCE,1217,0dd06d132495d241f41cfac70db465802497afb36ceb10354d1378d212ef15dd
04_EXECUTABLE_REFERENCE/DealPME_V3_Release/skills/dealpme-deal-fixture-architect/references/cross-skill-contract.md,04_EXECUTABLE_REFERENCE,2740,f7c4376ed9bf78f97e6983afca8d314c98318411ae215e734020588e8c587faf
04_EXECUTABLE_REFERENCE/DealPME_V3_Release/skills/dealpme-deal-fixture-architect/references/financial-consistency.md,04_EXECUTABLE_REFERENCE,2505,1ee12890e9a1459838f2ceb35cb4ae5590dfdd236e47231cdfc4fad6211fdec3
04_EXECUTABLE_REFERENCE/DealPME_V3_Release/skills/dealpme-deal-fixture-architect/references/fixture-schema.md,04_EXECUTABLE_REFERENCE,1697,a876ac2ed5751c2934ad80cfd4b1478859ff2b46e8fa46068809fdec54c6349f
04_EXECUTABLE_REFERENCE/DealPME_V3_Release/skills/dealpme-deal-fixture-architect/references/interaction-contract-schema.md,04_EXECUTABLE_REFERENCE,930,5d41bf41defebfb3ea0987a05d3e6a80223d0193d560029b51ba26e4188cf46b
04_EXECUTABLE_REFERENCE/DealPME_V3_Release/skills/dealpme-deal-fixture-architect/scripts/migrate_v1_to_v2.py,04_EXECUTABLE_REFERENCE,8121,0c4e7844861d9812298aa9e5a48ce5d62d89855a92f950132566a1a3ca956ba6
04_EXECUTABLE_REFERENCE/DealPME_V3_Release/skills/dealpme-deal-fixture-architect/scripts/validate_financials.py,04_EXECUTABLE_REFERENCE,9043,460ef9be2cfad775c270a7200dd33248fde59ba0d984f89e09c2318036bb1d3c
04_EXECUTABLE_REFERENCE/DealPME_V3_Release/skills/dealpme-deal-fixture-architect/scripts/validate_fixture_content.py,04_EXECUTABLE_REFERENCE,3765,c96f30528e182741d96f8de1eb5206499b18d2d20ad9280a92657e34a016db0e
04_EXECUTABLE_REFERENCE/DealPME_V3_Release/skills/dealpme-disclosure-announcement/SKILL.md,04_EXECUTABLE_REFERENCE,2572,b317cfc90c408e4214b804df649aaae6bef3f2a3df17b39594fc397d85ad5b54
04_EXECUTABLE_REFERENCE/DealPME_V3_Release/skills/dealpme-disclosure-announcement/agents/openai.yaml,04_EXECUTABLE_REFERENCE,152,ea28b7b0f629da2bb8fff89e6b58d6a21032d09a7cd2c516896f8619370ec1a6
04_EXECUTABLE_REFERENCE/DealPME_V3_Release/skills/dealpme-disclosure-announcement/assets/announcement-concept.png,04_EXECUTABLE_REFERENCE,1671311,463d7d3537fba3c2850498028e061feb6f83dedef6f4d384b8d411365f870a29
04_EXECUTABLE_REFERENCE/DealPME_V3_Release/skills/dealpme-disclosure-announcement/assets/dealpme-logo.jpg,04_EXECUTABLE_REFERENCE,16596,14e96ab26c9d691bb9a34716f8006869e12f6e99e6778a98967280fcb83dacc8
04_EXECUTABLE_REFERENCE/DealPME_V3_Release/skills/dealpme-disclosure-announcement/references/disclosure-rules.md,04_EXECUTABLE_REFERENCE,2268,f3cde77100fead67d3083a4154e130c347d005eb2ba3f9a361bd04b8e3d01be4
04_EXECUTABLE_REFERENCE/DealPME_V3_Release/skills/dealpme-disclosure-announcement/references/interaction-completeness.md,04_EXECUTABLE_REFERENCE,560,31a6dd6fba9425e1dd18a33a85275c8bad20e2359f4cdaf8069b55c157bead12
04_EXECUTABLE_REFERENCE/DealPME_V3_Release/skills/dealpme-disclosure-announcement/references/output-contract.md,04_EXECUTABLE_REFERENCE,452,f8f778189180e1ace619453249800dc07331ae837818b73b17f4aeb3b284a11c
04_EXECUTABLE_REFERENCE/DealPME_V3_Release/skills/dealpme-disclosure-announcement/references/visual-spec.md,04_EXECUTABLE_REFERENCE,1627,26ffda71d56c11dae32b1c935732a20c9fe11983cbe2114d460adf77a6061f75
04_EXECUTABLE_REFERENCE/DealPME_V3_Release/skills/dealpme-disclosure-announcement/scripts/check_disclosure.py,04_EXECUTABLE_REFERENCE,6146,a7761682ee9d2222ddb4f5b83523548054cf9fbbf7acc71282bab9f75d0e916d
04_EXECUTABLE_REFERENCE/DealPME_V3_Release/skills/dealpme-disclosure-announcement/scripts/validate_ui_contract.py,04_EXECUTABLE_REFERENCE,1296,e2a7c54f9df3874507ffbe103f93214b257f7e87ba4dcce78ca4f25281696f19
04_EXECUTABLE_REFERENCE/DealPME_V3_Release/skills/dealpme-fixture-quality-assurance/SKILL.md,04_EXECUTABLE_REFERENCE,2706,ca8deb80571426edba8d0041d4a48768b15cb8bb089461b4ade33fe831e91ff5
04_EXECUTABLE_REFERENCE/DealPME_V3_Release/skills/dealpme-fixture-quality-assurance/agents/openai.yaml,04_EXECUTABLE_REFERENCE,146,b7c253673bf68b09ec167a38fc2c53a1248eaf1721ce6316f9d650e66ceb487d
04_EXECUTABLE_REFERENCE/DealPME_V3_Release/skills/dealpme-fixture-quality-assurance/references/interaction-release-gates.md,04_EXECUTABLE_REFERENCE,1071,32610e3e3daf87b1b98b9a75788eae154f0afeaa0e5b8f5002e26126e4b50174
04_EXECUTABLE_REFERENCE/DealPME_V3_Release/skills/dealpme-fixture-quality-assurance/references/lifecycle-rules.md,04_EXECUTABLE_REFERENCE,836,abb805faa48806853ba6034db9f5f54a25c71c5b0cd8259e55c8068bfb0c3a25
04_EXECUTABLE_REFERENCE/DealPME_V3_Release/skills/dealpme-fixture-quality-assurance/references/qa-rules.md,04_EXECUTABLE_REFERENCE,1834,7bdfc91bbd09d7679037a389dcbd3cd438dc3ea16dd5e93a879bfab6d79575ab
04_EXECUTABLE_REFERENCE/DealPME_V3_Release/skills/dealpme-fixture-quality-assurance/references/service-boundaries.md,04_EXECUTABLE_REFERENCE,1396,6b2ec739a5870deb9bda9932c2b2ef584b3b2f2aa2e7c2d3f36dfce404d97b62
04_EXECUTABLE_REFERENCE/DealPME_V3_Release/skills/dealpme-fixture-quality-assurance/scripts/batch_validate.py,04_EXECUTABLE_REFERENCE,1705,9223a1524a9275b3ec006775a18c8d93e37f8315ff668e2797e3eab7fca71b93
04_EXECUTABLE_REFERENCE/DealPME_V3_Release/skills/dealpme-fixture-quality-assurance/scripts/dead_control_audit.py,04_EXECUTABLE_REFERENCE,1395,f881bf8691371de2b71fe10f76b5d2a74190aa5eaf04227532e62fbe9994bfba
04_EXECUTABLE_REFERENCE/DealPME_V3_Release/skills/dealpme-fixture-quality-assurance/scripts/mutation_regression.py,04_EXECUTABLE_REFERENCE,1610,1beb023fd47dbb41b7b1400e8a1faeaf1b647dbd85c5b5052c483cb40b184277
04_EXECUTABLE_REFERENCE/DealPME_V3_Release/skills/dealpme-fixture-quality-assurance/scripts/validate_fixture.py,04_EXECUTABLE_REFERENCE,6040,81324cde3cfa0a124466647eef94efc7f86c405000966d6ae54b979d08c616e9
04_EXECUTABLE_REFERENCE/DealPME_V3_Release/skills/dealpme-fixture-quality-assurance/scripts/validate_interactions.py,04_EXECUTABLE_REFERENCE,3602,393737832b6a478c346ba1f47dd8f865ed8ca019d31a34989ee85672532815d4
04_EXECUTABLE_REFERENCE/DealPME_V3_Release/skills/dealpme-interactive-reference-builder/SKILL.md,04_EXECUTABLE_REFERENCE,3254,db543df03c2eeb5f24829015af153b0fc931e8a2b02269839f9094864b157710
04_EXECUTABLE_REFERENCE/DealPME_V3_Release/skills/dealpme-interactive-reference-builder/agents/openai.yaml,04_EXECUTABLE_REFERENCE,155,63bf8730fea4a846a3fa19742ce1b765c1aa5de46b0dba71eb244614b712417a
04_EXECUTABLE_REFERENCE/DealPME_V3_Release/skills/dealpme-interactive-reference-builder/assets/accepted-concept.png,04_EXECUTABLE_REFERENCE,1671311,463d7d3537fba3c2850498028e061feb6f83dedef6f4d384b8d411365f870a29
04_EXECUTABLE_REFERENCE/DealPME_V3_Release/skills/dealpme-interactive-reference-builder/references/component-model.md,04_EXECUTABLE_REFERENCE,791,e81519408c05feede9c82c3dab8fa0ca24c3efa39513f5f6ce048c5c770a05c3
04_EXECUTABLE_REFERENCE/DealPME_V3_Release/skills/dealpme-interactive-reference-builder/references/e2e-test-matrix.md,04_EXECUTABLE_REFERENCE,869,faa41ba095ef1e2710bfb09027533472d94a3aec2c1c64cb1d32e2c763b2906e
04_EXECUTABLE_REFERENCE/DealPME_V3_Release/skills/dealpme-interactive-reference-builder/references/reference-app-contract.md,04_EXECUTABLE_REFERENCE,865,76d1661d17607b51f33b1444fccfae8bc3cd62d680ea280ea37ddc1f76b5ddc2
04_EXECUTABLE_REFERENCE/DealPME_V3_Release/skills/dealpme-interactive-reference-builder/references/visual-fidelity.md,04_EXECUTABLE_REFERENCE,593,2bda4fe52ce69285682a366da498c91b3b331a2a33e5a4c0eddffa7db0c88e2e
04_EXECUTABLE_REFERENCE/DealPME_V3_Release/skills/dealpme-interactive-reference-builder/scripts/validate_control_coverage.py,04_EXECUTABLE_REFERENCE,1172,bdf0cec6dcee9dd6fc1aa251577197a29d065a19076aad250b64fc14f8b626af
04_EXECUTABLE_REFERENCE/DealPME_V3_Release/skills/dealpme-interactive-reference-builder/scripts/validate_reference_manifest.py,04_EXECUTABLE_REFERENCE,1202,e11d39cc6257eb75da5422959efbb7229fe7c3618f8d0027fb435994c307b471
04_EXECUTABLE_REFERENCE/DealPME_V3_Release/skills/dealpme-service-scenario-generator/SKILL.md,04_EXECUTABLE_REFERENCE,2675,965f32fcaab70933334555e145d6ac9aae31fbf74b6447c0a3719707465365e9
04_EXECUTABLE_REFERENCE/DealPME_V3_Release/skills/dealpme-service-scenario-generator/agents/openai.yaml,04_EXECUTABLE_REFERENCE,152,c5bd118eebc92262aeaf50bff021f2611bb10b3f29e77d394c0d4adc50ef2fcc
04_EXECUTABLE_REFERENCE/DealPME_V3_Release/skills/dealpme-service-scenario-generator/references/cross-skill-contract.md,04_EXECUTABLE_REFERENCE,1124,d5afcece1520d2c55280e5bcd8f59265870fbedca41ed35f2ec68546038431f5
04_EXECUTABLE_REFERENCE/DealPME_V3_Release/skills/dealpme-service-scenario-generator/references/interaction-contracts.md,04_EXECUTABLE_REFERENCE,594,1f5acdcabccea795c1ce973e31041b86b503126b51473b734c34fd8c133ffa5b
04_EXECUTABLE_REFERENCE/DealPME_V3_Release/skills/dealpme-service-scenario-generator/references/scenario-catalog.md,04_EXECUTABLE_REFERENCE,2758,83ed33fa629ab9c3b4af59b6d4800ef684586fb1b2128d727faf4b6444ca862f
04_EXECUTABLE_REFERENCE/DealPME_V3_Release/skills/dealpme-service-scenario-generator/references/service-fixture-schema.md,04_EXECUTABLE_REFERENCE,2265,9eebfb97ffffc9e751d6f29ee1e4675801b15fa61a2e6aee30a58166deab6dc8
04_EXECUTABLE_REFERENCE/DealPME_V3_Release/skills/dealpme-service-scenario-generator/scripts/migrate_service_v1_to_v2.py,04_EXECUTABLE_REFERENCE,6595,e4431c711eff7ee6e48882b8a92983ee0740462a464f85ff21701921066ac5b0
04_EXECUTABLE_REFERENCE/DealPME_V3_Release/skills/dealpme-service-scenario-generator/scripts/validate_service_interactions.py,04_EXECUTABLE_REFERENCE,1297,84faea6f0dd2ba8a3a9eb5c222a76a2e27493736125e66d858bab499f63a2b75
04_EXECUTABLE_REFERENCE/DealPME_V3_Release/skills/dealpme-service-scenario-generator/scripts/validate_triplet.py,04_EXECUTABLE_REFERENCE,7952,071727a79b89c070da8a85fba04234fd535e3b07095df8589aaad88ae06aa4b0
04_EXECUTABLE_REFERENCE/DealPME_V3_Release/skills/dealpme-vdr-intelligence-architect/SKILL.md,04_EXECUTABLE_REFERENCE,3697,907ff2035cb6dec9fbc4d1081f966d80ebe557943fc7fb77a651cf9acda2cb93
04_EXECUTABLE_REFERENCE/DealPME_V3_Release/skills/dealpme-vdr-intelligence-architect/agents/openai.yaml,04_EXECUTABLE_REFERENCE,154,d8da714d8f6e9324641e30010d946d6ffee2d01cfe0870110c55b7e00015e22d
04_EXECUTABLE_REFERENCE/DealPME_V3_Release/skills/dealpme-vdr-intelligence-architect/assets/vdr-intelligence-concept.png,04_EXECUTABLE_REFERENCE,1589954,8272ba4c9dcceb6dc1d628db66dbb04f9fafc2731d73777e5be463a734d85d86
04_EXECUTABLE_REFERENCE/DealPME_V3_Release/skills/dealpme-vdr-intelligence-architect/references/benchmark-patterns.md,04_EXECUTABLE_REFERENCE,802,7d48d8606f7ca86ce73148ff21443ab42041b7067af8e086d0a64dcfa9d11c6e
04_EXECUTABLE_REFERENCE/DealPME_V3_Release/skills/dealpme-vdr-intelligence-architect/references/evidence-model.md,04_EXECUTABLE_REFERENCE,779,b468b39567c4c46137bb96531ebd96780eba5aac9d1814058cae7d11786c69a7
04_EXECUTABLE_REFERENCE/DealPME_V3_Release/skills/dealpme-vdr-intelligence-architect/references/permission-firewall.md,04_EXECUTABLE_REFERENCE,702,8d495e52a8cf4ae489320fcc34e5c2fba5bdd21941593fc132eec90074ffce71
04_EXECUTABLE_REFERENCE/DealPME_V3_Release/skills/dealpme-vdr-intelligence-architect/references/product-surfaces.md,04_EXECUTABLE_REFERENCE,1626,f8a8a02687669f5c24782540b50e727518d068b44cc0496d7f6579bbb7127d9c
04_EXECUTABLE_REFERENCE/DealPME_V3_Release/skills/dealpme-vdr-intelligence-architect/references/qa-acceptance-tests.md,04_EXECUTABLE_REFERENCE,1092,5674ac42c58f1e6087ebb1cb36ff45d799c117d00acc3c41b3e0efac9772e52d
04_EXECUTABLE_REFERENCE/DealPME_V3_Release/skills/dealpme-vdr-intelligence-architect/scripts/validate_ai_citations.py,04_EXECUTABLE_REFERENCE,604,45444e5d3883e98dddfe1d6c4c153fb24e8587d70472e67a430ae930f95652e4
04_EXECUTABLE_REFERENCE/DealPME_V3_Release/skills/dealpme-vdr-intelligence-architect/scripts/validate_permission_firewall.py,04_EXECUTABLE_REFERENCE,630,e222ec2f783b016f6d6734d12692dccf24c7bec0dc2506505582f34f9bf31186
04_EXECUTABLE_REFERENCE/DealPME_V3_Release/skills/dealpme-vdr-intelligence-architect/scripts/validate_vdr_fixture.py,04_EXECUTABLE_REFERENCE,1035,c5caeef426d65cdad3cd70c539559a37327920faa56f96430c2a01924f9bc190
04_EXECUTABLE_REFERENCE/DealPME_V3_Release/vdr-intelligence/DESIGN_SYSTEM.md,04_EXECUTABLE_REFERENCE,581,fa8d62aaeb9cc90077c5e6fd0fe46cbf63003f73cdb61aac77ca047e67730213
04_EXECUTABLE_REFERENCE/DealPME_V3_Release/vdr-intelligence/INDEX.md,04_EXECUTABLE_REFERENCE,1572,cb3e8353b7d8d14d47ef18d6cd9978f7fe698cbbdc2ebab56a74775d845af367
04_EXECUTABLE_REFERENCE/DealPME_V3_Release/vdr-intelligence/VDR_REDESIGN_VISUAL_INDEX.jpg,04_EXECUTABLE_REFERENCE,336801,a9f8c5e0d4ef0c6d5c44e8a20efd5035076ba4a7bb0d7c5f26dbd62933eccea5
04_EXECUTABLE_REFERENCE/DealPME_V3_Release/vdr-intelligence/design-concepts/attached-reference.png,04_EXECUTABLE_REFERENCE,994430,e0effffc1249dbe31f8acf6c84589e96005ae4b862e728f27923c3f2a6689d74
04_EXECUTABLE_REFERENCE/DealPME_V3_Release/vdr-intelligence/design-concepts/concept-deallens-chat.png,04_EXECUTABLE_REFERENCE,1650203,69c1efcefc10efac5806f0471eb0cdf6d10821ef170732654076def86dbbac8f
04_EXECUTABLE_REFERENCE/DealPME_V3_Release/vdr-intelligence/design-concepts/concept-document-intelligence.png,04_EXECUTABLE_REFERENCE,1589954,8272ba4c9dcceb6dc1d628db66dbb04f9fafc2731d73777e5be463a734d85d86
04_EXECUTABLE_REFERENCE/DealPME_V3_Release/vdr-intelligence/design-concepts/concept-viewer-deallens.png,04_EXECUTABLE_REFERENCE,1683229,08154b309fe395e24424cb1b8c0a39033abc1b8112e141ae83a45204b4f139f1
05_QA_AND_RELEASE/01_V3_VALIDATION_REPORT.md,05_QA_AND_RELEASE,3444,f54e3a44b6746ea97ff5c29751adbae0b96fc87e61e663786f37848e49a3b03f
05_QA_AND_RELEASE/02_VDR_INTELLIGENCE_VALIDATION_REPORT.md,05_QA_AND_RELEASE,2028,e54c1812084e1b157100270997a22ace28337e538641b7ce9596f9119718c070
05_QA_AND_RELEASE/03_RELEASE_NOTES_V3.md,05_QA_AND_RELEASE,2602,de344232fb3c5b6a1cfef3ed9b69af5ade9d916f581a723bbc1bc9653bb30029
05_QA_AND_RELEASE/04_VDR_INTELLIGENCE_RELEASE_NOTES.md,05_QA_AND_RELEASE,1323,f11376d20278ff3e9d7503234f7202e2f833757c371271f89d5cadb4c382789e
05_QA_AND_RELEASE/05_CONSOLIDATED_QA_SUMMARY.json,05_QA_AND_RELEASE,961,59d8abb7300ff881b48b8dc2e71d09e2f1c4f8d38a4fdba3a57a640c20257b69
05_QA_AND_RELEASE/06_PACKAGE_MANIFEST_V3_1.json,05_QA_AND_RELEASE,238090,b0cf2e756627633bd2af6a12653e94e5536ab78c86655a22e8771a4f7ec42ade
06_VISUAL_REFERENCES/01_VDR_REDESIGN_VISUAL_INDEX.jpg,06_VISUAL_REFERENCES,336801,a9f8c5e0d4ef0c6d5c44e8a20efd5035076ba4a7bb0d7c5f26dbd62933eccea5
06_VISUAL_REFERENCES/02_SERVICES_V3_VISUAL_INDEX.jpg,06_VISUAL_REFERENCES,490482,04e76bdeecb0a50d8fd09f73e56f97aa9f0f0ddff8fbe1dc0decf226defc6580
06_VISUAL_REFERENCES/03_GOLD_PT001_OVERVIEW.png,06_VISUAL_REFERENCES,402233,f4a3dc9d02e47ebdf75525c5b58adff2537cfb5d97c83ea09f36a56b2df30c98
06_VISUAL_REFERENCES/04_GOLD_PT001_VDR.png,06_VISUAL_REFERENCES,159282,c7e08981ba953aa6dccaea5a6a0c7c422a0714063018b284f8c738ced9bd818f
06_VISUAL_REFERENCES/05_GOLD_PT001_MOBILE.png,06_VISUAL_REFERENCES,269761,6586238853bc02a834059794473545d0fd4d9a8104ec94bab9dd23b95456ca43
06_VISUAL_REFERENCES/VDR_DESIGN_CONCEPTS/attached-reference.png,06_VISUAL_REFERENCES,994430,e0effffc1249dbe31f8acf6c84589e96005ae4b862e728f27923c3f2a6689d74
06_VISUAL_REFERENCES/VDR_DESIGN_CONCEPTS/concept-deallens-chat.png,06_VISUAL_REFERENCES,1650203,69c1efcefc10efac5806f0471eb0cdf6d10821ef170732654076def86dbbac8f
06_VISUAL_REFERENCES/VDR_DESIGN_CONCEPTS/concept-document-intelligence.png,06_VISUAL_REFERENCES,1589954,8272ba4c9dcceb6dc1d628db66dbb04f9fafc2731d73777e5be463a734d85d86
06_VISUAL_REFERENCES/VDR_DESIGN_CONCEPTS/concept-viewer-deallens.png,06_VISUAL_REFERENCES,1683229,08154b309fe395e24424cb1b8c0a39033abc1b8112e141ae83a45204b4f139f1
OPEN_ME_REFERENCE_PORTAL.html,OPEN_ME_REFERENCE_PORTAL.html,14891,2b61c06766d48dfe2ed97ae754c5e85091457b789834ceeb24ff1ee5d3196bd0
